1990 9 5 1822 363 2 863 14 6 2192 0 1673 2443 1 1463 1081 1805 4 2007 122 1742	1990 9 5 1822 1805 363 2 863 14 6 2192 0 1673 215 2443 1 1463 4 2007 122 1742
7	3
7	3
7	3
7	3
7	3
7	3
7	3
7	3
7	3
7	3
7 623	3 623
7 623	3 623
71	3
71	3
157 242 12	3 242 12
157	3
157 242 12	3 242 12
157	3
157	3
157 242 12	3 242 12
157	3
157	3
157 242 12	3 242 12
157	3
235 199 373 7 24 8	235 199 3 373 24 8
412 495 401 24 393 0 1 298 2 7 411 407	412 495 3 2 401 24 393 0 1 298 411 407
235 199 7 24 8	235 199 3 24 8
7 24 8	3 24 8
235 199 373 7 24 8	235 199 3 373 24 8
412 495 401 24 393 0 1 298 2 7 411 407	412 495 3 2 401 24 393 0 1 298 411 407
235 199 7 24 8	235 199 3 24 8
7 24 8	3 24 8
412 495 401 24 393 0 1 298 2 7 411 407	412 495 3 2 401 24 393 0 1 298 411 407
537 2541 1 107 169 702 2 23 227 841 0	537 2541 1 169 96 702 2 23 227 841 0
1 107 2 841 0 702 1171	1 96 2 841 0 702 1171
235 199 373 7 24 8	235 199 3 373 24 8
235 199 7 24 8	235 199 3 24 8
7	3
7	3
900 7	900 3
7 775	3 775
812 133 7 1022	3 812 133 1022
1062 433 7 368 391 392 435	3 1062 433 368 391 392 435
711 7 658	711 3 658
925 7	925 3
7 998	3 998
7 529	3 529
952 7	952 3
857 7	3 857
707 7	707 3
964 7	964 3
7 854	3 854
7 978	3 978
7 525	3 525
956 7	956 3
953 7	953 3
7 924	3 924
1019 7	1019 3
829 7	3 829
1000 7	1000 3
7 1070	3 1070
7 833	3 833
651 7	3 651
661 7	661 3
800 115 748 7 725 111 329 110 357 112	800 3 115 748 211 725 111 110 357 112
7 368 391 874 433 392 435	3 874
527 7	527 3
606 7	606 3
714 7	714 3
577 7	577 3
776 7 368	776 3
7 934	3 934
587 7	587 3
7 1004	3 1004
560 7	3 560
826 7	826 3
1044 7	3 1044
717 7	3 717
552 729 133 7	552 729 3 133
927 7	927 3
754 7	3 754
7 671 160 197	3 671 160 197
7 1055	3 1055
7 817	3 817
900 7	900 3
7 775	3 775
812 133 7 1022	3 812 133 1022
1062 433 7 368 391 392 435	3 1062 433 368 391 392 435
711 7 658	711 3 658
925 7	925 3
7 998	3 998
7 529	3 529
952 7	952 3
857 7	3 857
707 7	707 3
964 7	964 3
7 854	3 854
7 978	3 978
7 525	3 525
956 7	956 3
953 7	953 3
7 924	3 924
1019 7	1019 3
829 7	3 829
1000 7	1000 3
7 1070	3 1070
7 833	3 833
651 7	3 651
661 7	661 3
800 115 748 7 725 111 329 110 357 112	800 3 115 748 211 725 111 110 357 112
7 368 391 874 433 392 435	3 874
527 7	527 3
606 7	606 3
714 7	714 3
577 7	577 3
776 7 368	776 3
7 934	3 934
587 7	587 3
7 1004	3 1004
560 7	3 560
826 7	826 3
1044 7	3 1044
717 7	3 717
552 729 133 7	552 729 3 133
927 7	927 3
754 7	3 754
7 671 160 197	3 671 160 197
7 1055	3 1055
7 817	3 817
470 396 418 212 5 215 96 4 202 463 153 403 372 414 422 318 423 427 421 155 316 344 408 404	470 396 212 5 215 1126 1121 202 463 153 403 414 1071 418 422 318 1110 96 4 1077 498 423 427 372 496 421 155 316 344 408 404
1074 1083 492 415 437 1082 466 1096 1111 323 1075 442 1117 1072	215 1115 1085 492 415 437 442 466
1074 1083 492 415 437 1082 466 1096 1111 323 1075 442 1117 1072	215 1115 1085 492 415 437 442 466
265 8	515 265 323 513 504 505 8
265 8	515 265 323 513 504 505 8
470 396 418 212 5 215 96 4 202 463 153 403 372 414 422 318 423 427 421 155 316 344 408 404	470 396 212 5 215 1126 1121 202 463 153 403 414 1071 418 422 318 1110 96 4 1077 498 423 427 372 496 421 155 316 344 408 404
378 346 338 328 1543 369 343 330 366 349 136 300 333 303 348 317 276 336 212 278 202 311 374 382 297 325 310	378 346 338 328 1543 369 330 558 366 349 136 333 303 348 317 276 336 212 343 497 278 202 311 374 382 297 973 300 325 310
378 346 338 328 369 343 330 366 349 136 300 1557 333 303 348 317 276 336 212 278 202 311 374 382 297 325 310	378 346 338 328 369 330 558 366 349 136 1557 333 303 348 317 276 336 212 343 497 278 202 311 374 382 297 973 300 325 310
265 8	515 265 323 513 504 505 8
265 8	515 265 323 513 504 505 8
265 8	515 265 323 513 504 505 8
1074 1083 492 415 437 1082 466 1096 1111 323 1075 442 1117 1072	215 1115 1085 492 415 437 442 466
470 396 418 212 5 215 96 4 202 463 153 403 372 414 422 318 423 427 421 155 316 344 408 404	470 396 212 5 215 1126 1121 202 463 153 403 414 1071 418 422 318 1110 96 4 1077 498 423 427 372 496 421 155 316 344 408 404
7	3
306 7	3 306
7	3
306 7	3 306
314 133 7 24 8	3 314 133 24 8
314 133 357 7 24 8 236	3 314 133 357 24 8 236
314 133 7 24 8	3 314 133 24 8
314 133 357 7 24 8 236	3 314 133 357 24 8 236
7	2462 3 1239
7	2196 3
7	2462 3 1239
7	2196 3
1598 1230 655 1994	1598 655 1994 177 1230
1007 875	193 1007 875
816 569 763 989 823	816 569 763 989 823 1531 1049
682 5 4 6 236	682 5 1 193 96 410 4 1468 2 122 10 6 0 236
1007 875	193 1007 875
1034 807 1066 979 840 865 674 555 143 1024 1439	555 1034 807 2378 2492 410 979 1024 840 865 122 1170 1137 674 2227 294 355 193
816 569 763 989 823	816 569 763 989 823 1531 1049
1034 807 1066 979 840 865 674 555 143 1024 1439	555 1034 807 2378 2492 410 979 1024 840 865 122 1170 1137 674 2227 294 355 193
2382 1 107 2422 2141 2195 1855 2302 618 1752 2237 2 2169 0 1734	2382 1 2422 96 2141 2195 1855 2302 618 1752 2237 2 2169 0 1734
682 5 4 6 236	682 5 1 193 96 410 4 1468 2 122 10 6 0 236
7 24 8	3 24 8
146 7 24	146 3 24
7 24 8	3 24 8
146 7 24	146 3 24
749 446 1 107 132 1816 1853 227 2381 0 2 2060	749 446 1 132 1853 227 2381 0 1816 96 2 2060
71 26 8	28 26 8
71 26 242 12 1042	28 26 242 12 1296 1042
7	3
71 26 8	28 26 8
71 26 242 12 1042	28 26 242 12 1296 1042
7	3
7	3
783 1208 107 132 907 950 1472 2 428 726 1478 1401 1349 1 987 0 938 1789	1482 783 1326 108 907 2199 1919 1579 428 136 726 2053 938 1235 987 11 950 1193 496 12 2210
783 1208 107 132 907 950 1472 2 428 726 1478 1401 1349 1 987 0 938 1789	1482 783 1326 108 907 2199 1919 1579 428 136 726 2053 938 1235 987 11 950 1193 496 12 2210
7	3
69 74 571 67 70 65 13 2 86 116 0 64 68 1 11	69 74 571 118 67 70 65 13 2 125 86 123 0 64 68 1 11
893 69 74 67 70 65 13 2 86 116 0 64 68 1 11	893 69 74 118 67 70 65 13 2 125 86 123 0 64 68 1 11
860 11 828 79 544 13 1059 61 1017 129 84 744 83 90 76	860 11 89 828 79 544 13 1059 61 1017 76 84 744 83
983 715 11 1065 61 129 83 79 822 13 790 90 76 84 660	983 715 11 89 1065 61 76 83 79 822 13 790 84 660
74 67 70 65 13 2 86 116 0 69 1039 64 68 1 11	74 118 67 70 65 13 2 125 86 123 0 69 1039 64 68 1 11
69 67 70 65 13 2 86 116 0 74 980 64 68 1 11	69 118 67 70 65 13 2 125 86 123 0 74 980 64 68 1 11
626 11 79 545 13 61 84 83 778 129 962 90 76 728 877	626 11 89 79 545 13 61 778 84 83 962 76 728 877
11 79 565 13 999 61 84 901 83 673 742 876 129 90 76	11 89 79 565 13 999 61 876 76 84 901 83 673 742
688 11 79 752 13 732 61 129 84 897 83 798 994 90 76	688 11 89 79 752 13 732 61 76 84 897 83 798 994
69 74 67 70 65 13 86 116 0 64 68 1 11 2 340	69 74 118 67 70 65 13 125 86 123 0 64 68 1 11 2 340
69 74 67 70 65 13 2 116 0 64 68 1 11 319 86	69 74 118 67 70 65 13 2 125 123 0 64 68 1 11 319 86
639 697 79 13 61 129 84 83 683 11 659 638 594 90 76	639 89 697 79 13 61 84 83 683 11 659 638 594 76
69 67 70 65 13 549 2 581 0 64 68 1 11 76 116	69 118 67 70 65 13 549 2 76 581 0 64 68 1 11
69 74 67 70 65 600 13 2 86 116 0 64 68 1 11	69 74 118 67 70 65 600 13 2 125 86 123 0 64 68 1 11
712 11 630 79 13 543 605 129 84 536 83 635 61 90 76	712 11 630 89 79 13 543 605 76 84 536 83 635 61
69 74 67 70 65 1040 13 2 86 116 0 64 68 1 11	69 74 118 67 70 65 1040 13 2 125 86 123 0 64 68 1 11
873 11 79 129 84 642 13 928 61 706 90 76 751 83 746	873 11 89 79 84 642 13 928 61 706 76 751 83 746
845 11 610 971 79 849 61 129 84 13 530 90 76 83 887	845 11 610 89 971 79 849 61 76 84 13 530 83 887
1027 904 11 787 79 844 13 802 61 129 84 834 83 90 76	1027 904 11 89 787 79 844 13 802 61 76 84 834 83
695 793 11 627 884 79 1032 13 713 61 129 84 83 90 76	695 793 11 884 79 1032 13 713 61 76 84 83 89 627
607 921 11 665 13 708 61 129 84 83 641 79 988 90 76	607 921 11 89 665 13 708 61 76 84 83 641 79 988
905 942 11 669 79 129 84 922 83 13 727 61 1031 90 76	905 942 11 89 669 79 76 84 922 83 13 727 61 1031
693 786 11 79 13 61 720 129 820 886 83 90 76 815 84	693 786 11 89 79 13 61 720 76 820 886 83 815 84
69 590 74 67 70 65 13 2 86 116 0 64 68 1 11	69 590 74 118 67 70 65 13 2 125 86 123 0 64 68 1 11
1053 11 915 79 13 61 685 129 1043 1020 83 90 76 740 84	1053 11 89 915 79 13 61 685 76 1043 1020 83 740 84
69 74 67 70 13 2 86 116 0 64 68 1 11 65 1036	69 74 118 67 70 13 2 125 86 123 0 64 68 1 11 65 1036
69 74 743 67 70 65 13 2 86 116 0 64 68 1 11	69 74 67 70 65 13 2 125 86 123 0 64 68 1 11 743 118
69 74 67 70 65 13 2 321 86 116 0 64 68 1 11	69 74 118 67 70 65 13 2 86 123 0 64 68 1 11 125 321
69 561 74 67 70 65 13 2 86 116 0 64 68 1 11	69 561 74 118 67 70 65 13 2 125 86 123 0 64 68 1 11
69 74 67 70 65 13 2 116 0 64 68 1 11 86 690	69 74 118 67 70 65 13 2 125 123 0 64 68 1 11 86 690
69 72 74 67 70 65 13 2 321 352 116 10 0 64 68 1 11	69 72 74 118 67 70 65 13 2 10 0 64 68 1 11 125 321 352 123
69 74 67 70 65 13 86 116 0 64 68 1 11 2 591	69 74 118 67 70 65 13 125 86 123 0 64 68 1 11 2 591
69 74 67 70 65 13 2 86 0 64 68 1 11 681 116	69 74 118 67 70 65 13 2 125 86 123 681 0 64 68 1 11
69 74 67 70 65 13 2 86 352 116 0 64 68 1 11	69 74 118 67 70 65 13 2 125 86 0 64 68 1 11 352 123
737 11 79 13 61 84 83 896 129 593 90 858 76 653 532	737 11 89 79 13 61 84 83 896 593 858 76 653 532
827 11 79 768 61 1010 129 84 649 13 539 90 76 83 961	827 11 89 79 768 61 1010 76 84 649 13 539 83 961
551 640 11 811 524 13 843 61 129 84 83 79 891 90 76	551 640 11 524 13 843 61 76 84 83 811 89 79 891
797 985 11 13 959 538 61 129 83 79 603 90 76 84 633	797 985 11 89 13 959 538 61 76 83 79 603 84 633
632 11 912 79 13 1060 61 856 129 84 794 90 76 83 546	632 11 79 13 1060 61 856 76 84 794 912 89 83 546
69 74 67 70 65 13 2 86 0 64 68 1 11 889 116	69 74 118 67 70 65 13 2 125 86 123 889 0 64 68 1 11
832 997 11 636 79 666 13 1063 902 61 129 84 83 90 76	832 997 11 89 636 79 666 13 1063 902 61 76 84 83
69 74 67 70 65 13 810 2 86 116 0 64 68 1 11	69 74 118 67 70 65 13 810 2 125 86 123 0 64 68 1 11
69 74 955 67 70 65 13 2 86 116 0 64 68 1 11	69 74 67 70 65 13 2 125 86 123 0 64 68 1 11 955 118
69 72 74 67 70 65 13 319 116 10 0 64 68 1 11 2 340	69 72 74 118 67 70 65 13 125 319 123 10 0 64 68 1 11 2 340
69 67 70 65 13 2 86 116 0 74 698 64 68 1 11	69 118 67 70 65 13 2 125 86 123 0 74 698 64 68 1 11
69 74 67 70 65 13 2 86 116 0 64 68 796 1 11	69 74 118 67 70 65 13 2 125 86 123 0 64 68 796 1 11
69 74 67 70 13 2 86 116 0 64 68 1 11 65 758	69 74 118 67 70 13 2 125 86 123 0 64 68 1 11 65 758
69 74 67 70 65 13 2 710 86 116 0 64 68 1 11	69 74 118 67 70 65 13 2 710 125 86 123 0 64 68 1 11
69 74 67 70 65 13 724 2 86 116 0 64 68 1 11	69 74 118 67 70 65 13 724 2 125 86 123 0 64 68 1 11
69 67 70 65 13 2 86 116 0 74 576 64 68 1 11	69 118 67 70 65 13 2 125 86 123 0 74 576 64 68 1 11
1046 917 11 864 79 597 61 129 84 654 83 13 803 90 76	1046 917 11 89 864 79 597 61 76 84 654 83 13 803
969 11 808 79 13 883 61 129 84 667 83 1064 745 90 76	969 11 808 89 79 13 883 61 76 84 667 83 1064 745
789 11 767 872 79 1026 13 861 61 84 83 868 129 90 76	789 11 767 89 872 79 1026 13 861 61 868 76 84 83
69 74 930 67 70 65 13 2 86 116 0 64 68 1 11	69 74 67 70 65 13 2 125 86 123 0 64 68 1 11 118 930
948 684 11 769 79 644 13 1045 61 129 84 563 83 90 76	948 684 11 769 89 79 644 13 1045 61 76 84 563 83
1016 11 846 79 13 898 61 680 129 84 890 90 76 83 895	1016 11 89 846 79 13 898 61 680 76 84 890 83 895
670 11 595 79 612 13 609 61 1056 129 84 592 83 90 76	670 11 595 89 79 612 13 609 61 1056 76 84 592 83
31 80 71 34 29 33 35 36 12 6 59 8 5 32 37 38 30 4	31 34 28 29 33 92 35 36 12 6 59 8 5 32 37 38 30 4
31 80 71 34 29 33 35 36 12 6 59 8 5 32 37 38 30 4	31 34 28 29 33 92 35 36 12 6 59 8 5 32 37 38 30 4
31 80 71 34 29 33 35 36 12 6 59 8 5 32 37 38 30 4	31 34 28 29 33 92 35 36 12 6 59 8 5 32 37 38 30 4
31 80 71 34 29 33 35 36 12 6 59 8 5 32 37 38 30 4	31 34 28 29 33 92 35 36 12 6 59 8 5 32 37 38 30 4
31 80 71 34 29 33 35 36 12 6 59 8 5 32 37 38 30 4	31 34 28 29 33 92 35 36 12 6 59 8 5 32 37 38 30 4
31 80 71 34 29 33 35 36 12 6 59 8 5 32 37 38 30 4	31 34 28 29 33 92 35 36 12 6 59 8 5 32 37 38 30 4
31 80 71 34 29 33 35 36 12 6 59 8 5 32 37 38 30 4	31 34 28 29 33 92 35 36 12 6 59 8 5 32 37 38 30 4
31 80 71 34 29 33 35 36 12 6 59 8 5 32 37 38 30 4	31 34 28 29 33 92 35 36 12 6 59 8 5 32 37 38 30 4
31 80 71 34 29 33 35 36 12 6 59 8 5 32 37 38 30 4	31 34 28 29 33 92 35 36 12 6 59 8 5 32 37 38 30 4
31 80 71 34 29 33 35 36 12 6 59 8 5 32 37 38 30 4	31 34 28 29 33 92 35 36 12 6 59 8 5 32 37 38 30 4
31 80 71 34 29 33 35 36 12 6 59 8 5 32 37 38 30 4	31 34 28 29 33 92 35 36 12 6 59 8 5 32 37 38 30 4
31 80 71 34 29 33 35 36 12 6 59 8 5 32 37 38 30 4	31 34 28 29 33 92 35 36 12 6 59 8 5 32 37 38 30 4
31 80 71 34 29 33 35 36 12 6 59 8 5 32 37 38 30 4	31 34 28 29 33 92 35 36 12 6 59 8 5 32 37 38 30 4
1109 1095 31 80 71 34 29 33 35 36 12 6 1122 5 32 37 38 30 4 8 1080	1093 31 1094 1092 28 29 33 92 35 36 12 6 8 5 32 37 34 1107 38 30 4
31 80 71 34 29 33 35 36 12 6 59 8 5 32 37 38 30 4	31 34 28 29 33 92 35 36 12 6 59 8 5 32 37 38 30 4
31 80 71 34 29 33 35 36 12 6 59 8 5 32 37 38 30 4	31 34 28 29 33 92 35 36 12 6 59 8 5 32 37 38 30 4
31 80 71 34 29 33 35 36 12 6 59 8 5 32 37 38 30 4	31 34 28 29 33 92 35 36 12 6 59 8 5 32 37 38 30 4
31 80 71 34 29 33 35 36 12 6 59 8 5 32 37 38 30 4	31 34 28 29 33 92 35 36 12 6 59 8 5 32 37 38 30 4
1113 80 71 34 29 33 35 36 12 6 8 1103 31 5 32 37 38 30 4	34 28 29 33 92 35 36 12 6 8 31 1079 5 1124 32 37 38 30 4
31 80 71 34 29 33 35 36 12 6 59 8 5 32 37 38 30 4	31 34 28 29 33 92 35 36 12 6 59 8 5 32 37 38 30 4
31 80 71 34 29 33 35 36 12 6 59 8 5 32 37 38 30 4	31 34 28 29 33 92 35 36 12 6 59 8 5 32 37 38 30 4
31 80 71 34 29 33 35 36 12 6 59 8 5 32 37 38 30 4	31 34 28 29 33 92 35 36 12 6 59 8 5 32 37 38 30 4
31 80 71 34 29 33 35 36 12 6 59 8 5 32 37 38 30 4	31 34 28 29 33 92 35 36 12 6 59 8 5 32 37 38 30 4
31 80 71 34 29 33 35 36 12 6 59 8 5 32 37 38 30 4	31 34 28 29 33 92 35 36 12 6 59 8 5 32 37 38 30 4
31 80 71 34 29 33 35 36 12 6 59 8 5 32 37 38 30 4	676 31 34 28 29 33 35 36 12 6 59 8 5 32 37 38 30 4
31 80 71 34 29 33 35 36 12 6 59 8 5 32 37 38 30 4	31 34 28 29 33 92 35 36 12 6 59 8 5 32 37 38 30 4
31 80 71 34 29 33 35 36 12 6 59 8 5 32 37 38 30 4	31 34 28 29 33 92 35 36 12 6 59 8 5 32 37 38 30 4
31 80 71 34 29 33 35 36 12 6 59 8 5 32 37 38 30 4	31 34 28 29 33 92 35 36 12 6 59 8 5 32 37 38 30 4
860 11 828 79 544 13 1059 61 1017 129 84 744 83 90 76	860 11 89 828 79 544 13 1059 61 1017 76 84 744 83
7	3
31 80 71 34 29 33 35 36 12 6 59 8 5 32 37 38 30 4	31 34 28 29 33 92 35 36 12 6 59 8 5 32 37 38 30 4
7	3
7	3
7	3
7	3
11 79 565 13 999 61 84 901 83 673 742 876 129 90 76	11 89 79 565 13 999 61 876 76 84 901 83 673 742
7	3
7	3
31 80 71 34 29 33 35 36 12 6 59 8 5 32 37 38 30 4	31 34 28 29 33 92 35 36 12 6 59 8 5 32 37 38 30 4
7	3
31 80 71 34 29 33 35 36 12 6 59 8 5 32 37 38 30 4	31 34 28 29 33 92 35 36 12 6 59 8 5 32 37 38 30 4
639 697 79 13 61 129 84 83 683 11 659 638 594 90 76	639 89 697 79 13 61 84 83 683 11 659 638 594 76
7	3
31 80 71 34 29 33 35 36 12 6 59 8 5 32 37 38 30 4	31 34 28 29 33 92 35 36 12 6 59 8 5 32 37 38 30 4
873 11 79 129 84 642 13 928 61 706 90 76 751 83 746	873 11 89 79 84 642 13 928 61 706 76 751 83 746
7	3
607 921 11 665 13 708 61 129 84 83 641 79 988 90 76	607 921 11 89 665 13 708 61 76 84 83 641 79 988
31 80 71 34 29 33 35 36 12 6 59 8 5 32 37 38 30 4	31 34 28 29 33 92 35 36 12 6 59 8 5 32 37 38 30 4
7	3
7	3
7	3
7	3
7	3
7	3
7	3
66 7	66 3
7	3
7	3
31 80 71 34 29 33 35 36 12 6 59 8 5 32 37 38 30 4	31 34 28 29 33 92 35 36 12 6 59 8 5 32 37 38 30 4
31 80 71 34 29 33 35 36 12 6 59 8 5 32 37 38 30 4	31 34 28 29 33 92 35 36 12 6 59 8 5 32 37 38 30 4
551 640 11 811 524 13 843 61 129 84 83 79 891 90 76	551 640 11 524 13 843 61 76 84 83 811 89 79 891
7	3
31 80 71 34 29 33 35 36 12 6 59 8 5 32 37 38 30 4	31 34 28 29 33 92 35 36 12 6 59 8 5 32 37 38 30 4
7	3
832 997 11 636 79 666 13 1063 902 61 129 84 83 90 76	832 997 11 89 636 79 666 13 1063 902 61 76 84 83
7	3
61 84 2223 1323 83 2352 1207 2093 129	61 2093 84 2223 1323 83 2352 1207
7	3
7	3
31 80 71 34 29 33 35 36 12 6 59 8 5 32 37 38 30 4	31 34 28 29 33 92 35 36 12 6 59 8 5 32 37 38 30 4
31 80 71 34 29 33 35 36 12 6 59 8 5 32 37 38 30 4	31 34 28 29 33 92 35 36 12 6 59 8 5 32 37 38 30 4
31 80 71 34 29 33 35 36 12 6 59 8 5 32 37 38 30 4	31 34 28 29 33 92 35 36 12 6 59 8 5 32 37 38 30 4
7	3
7	3
7	3
1046 917 11 864 79 597 61 129 84 654 83 13 803 90 76	1046 917 11 89 864 79 597 61 76 84 654 83 13 803
7	3
7	3
7	3
969 11 808 79 13 883 61 129 84 667 83 1064 745 90 76	969 11 808 89 79 13 883 61 76 84 667 83 1064 745
789 11 767 872 79 1026 13 861 61 84 83 868 129 90 76	789 11 767 89 872 79 1026 13 861 61 868 76 84 83
7	3
670 11 595 79 612 13 609 61 1056 129 84 592 83 90 76	670 11 595 89 79 612 13 609 61 1056 76 84 592 83
31 80 71 34 29 33 35 36 12 6 59 8 5 32 37 38 30 4	31 34 28 29 33 92 35 36 12 6 59 8 5 32 37 38 30 4
31 80 71 34 29 33 35 36 12 6 59 8 5 32 37 38 30 4	31 34 28 29 33 92 35 36 12 6 59 8 5 32 37 38 30 4
7	3
7	3
31 80 71 34 29 33 35 36 12 6 59 8 5 32 37 38 30 4	31 34 28 29 33 92 35 36 12 6 59 8 5 32 37 38 30 4
983 715 11 1065 61 129 83 79 822 13 790 90 76 84 660	983 715 11 89 1065 61 76 83 79 822 13 790 84 660
7	3
626 11 79 545 13 61 84 83 778 129 962 90 76 728 877	626 11 89 79 545 13 61 778 84 83 962 76 728 877
7	3
688 11 79 752 13 732 61 129 84 897 83 798 994 90 76	688 11 89 79 752 13 732 61 76 84 897 83 798 994
7	3
7	3
7	3
31 80 71 34 29 33 35 36 12 6 59 8 5 32 37 38 30 4	31 34 28 29 33 92 35 36 12 6 59 8 5 32 37 38 30 4
712 11 630 79 13 543 605 129 84 536 83 635 61 90 76	712 11 630 89 79 13 543 605 76 84 536 83 635 61
7	3
7	3
7	3
7	3
845 11 610 971 79 849 61 129 84 13 530 90 76 83 887	845 11 610 89 971 79 849 61 76 84 13 530 83 887
31 80 71 34 29 33 35 36 12 6 59 8 5 32 37 38 30 4	31 34 28 29 33 92 35 36 12 6 59 8 5 32 37 38 30 4
1027 904 11 787 79 844 13 802 61 129 84 834 83 90 76	1027 904 11 89 787 79 844 13 802 61 76 84 834 83
31 80 71 34 29 33 35 36 12 6 59 8 5 32 37 38 30 4	31 34 28 29 33 92 35 36 12 6 59 8 5 32 37 38 30 4
695 793 11 627 884 79 1032 13 713 61 129 84 83 90 76	695 793 11 884 79 1032 13 713 61 76 84 83 89 627
905 942 11 669 79 129 84 922 83 13 727 61 1031 90 76	905 942 11 89 669 79 76 84 922 83 13 727 61 1031
693 786 11 79 13 61 720 129 820 886 83 90 76 815 84	693 786 11 89 79 13 61 720 76 820 886 83 815 84
7	3
7	3
232 432 11 406 1090 1073 474 397 417 1105	232 432 11 417 474 397
31 80 71 34 29 33 35 36 12 6 59 8 5 32 37 38 30 4	31 34 28 29 33 92 35 36 12 6 59 8 5 32 37 38 30 4
1053 11 915 79 13 61 685 129 1043 1020 83 90 76 740 84	1053 11 89 915 79 13 61 685 76 1043 1020 83 740 84
7	3
7	3
7	3
31 80 71 34 29 33 35 36 12 6 59 8 5 32 37 38 30 4	31 34 28 29 33 92 35 36 12 6 59 8 5 32 37 38 30 4
7	3
7	3
7	3
1109 1095 31 80 71 34 29 33 35 36 12 6 1122 5 32 37 38 30 4 8 1080	1093 31 1094 1092 28 29 33 92 35 36 12 6 8 5 32 37 34 1107 38 30 4
737 11 79 13 61 84 83 896 129 593 90 858 76 653 532	737 11 89 79 13 61 84 83 896 593 858 76 653 532
232 464 11 465 486 406 424	232 464 11 424 465 486
827 11 79 768 61 1010 129 84 649 13 539 90 76 83 961	827 11 89 79 768 61 1010 76 84 649 13 539 83 961
797 985 11 13 959 538 61 129 83 79 603 90 76 84 633	797 985 11 89 13 959 538 61 76 83 79 603 84 633
7	3
31 80 71 34 29 33 35 36 12 6 59 8 5 32 37 38 30 4	31 34 28 29 33 92 35 36 12 6 59 8 5 32 37 38 30 4
632 11 912 79 13 1060 61 856 129 84 794 90 76 83 546	632 11 79 13 1060 61 856 76 84 794 912 89 83 546
7	3
7	3
1113 80 71 34 29 33 35 36 12 6 8 1103 31 5 32 37 38 30 4	34 28 29 33 92 35 36 12 6 8 31 1079 5 1124 32 37 38 30 4
31 80 71 34 29 33 35 36 12 6 59 8 5 32 37 38 30 4	31 34 28 29 33 92 35 36 12 6 59 8 5 32 37 38 30 4
31 80 71 34 29 33 35 36 12 6 59 8 5 32 37 38 30 4	31 34 28 29 33 92 35 36 12 6 59 8 5 32 37 38 30 4
7	3
7	3
66 7	66 3
31 80 71 34 29 33 35 36 12 6 59 8 5 32 37 38 30 4	676 31 34 28 29 33 35 36 12 6 59 8 5 32 37 38 30 4
31 80 71 34 29 33 35 36 12 6 59 8 5 32 37 38 30 4	31 34 28 29 33 92 35 36 12 6 59 8 5 32 37 38 30 4
7	3
31 80 71 34 29 33 35 36 12 6 59 8 5 32 37 38 30 4	31 34 28 29 33 92 35 36 12 6 59 8 5 32 37 38 30 4
31 80 71 34 29 33 35 36 12 6 59 8 5 32 37 38 30 4	31 34 28 29 33 92 35 36 12 6 59 8 5 32 37 38 30 4
7	3
7	3
948 684 11 769 79 644 13 1045 61 129 84 563 83 90 76	948 684 11 769 89 79 644 13 1045 61 76 84 563 83
7	3
1016 11 846 79 13 898 61 680 129 84 890 90 76 83 895	1016 11 89 846 79 13 898 61 680 76 84 890 83 895
7	3
7	3
31 80 71 34 29 33 35 36 12 6 59 8 5 32 37 38 30 4	31 34 28 29 33 92 35 36 12 6 59 8 5 32 37 38 30 4
7	3
7	3
7	3
7	3
120	120 145
120	120 145
7	3
7	3
31 80 71 34 29 33 35 36 12 6 59 8 5 32 37 38 30 4	31 34 28 29 33 92 35 36 12 6 59 8 5 32 37 38 30 4
7	3
31 80 71 34 29 33 35 36 12 6 59 8 5 32 37 38 30 4	31 34 28 29 33 92 35 36 12 6 59 8 5 32 37 38 30 4
7	3
31 80 71 34 29 33 35 36 12 6 59 8 5 32 37 38 30 4	31 34 28 29 33 92 35 36 12 6 59 8 5 32 37 38 30 4
7	3
31 80 71 34 29 33 35 36 12 6 59 8 5 32 37 38 30 4	31 34 28 29 33 92 35 36 12 6 59 8 5 32 37 38 30 4
7	3
7	3
7	3
7	3
120	120 145
120	120 145
7	3
7	3
7	3
66 7	66 3
7	3
7	3
31 80 71 34 29 33 35 36 12 6 59 8 5 32 37 38 30 4	31 34 28 29 33 92 35 36 12 6 59 8 5 32 37 38 30 4
31 80 71 34 29 33 35 36 12 6 59 8 5 32 37 38 30 4	31 34 28 29 33 92 35 36 12 6 59 8 5 32 37 38 30 4
7	3
31 80 71 34 29 33 35 36 12 6 59 8 5 32 37 38 30 4	31 34 28 29 33 92 35 36 12 6 59 8 5 32 37 38 30 4
7	3
120	120 145
7	3
120	120 145
120	120 145
120	120 145
7	3
7	3
31 80 71 34 29 33 35 36 12 6 59 8 5 32 37 38 30 4	31 34 28 29 33 92 35 36 12 6 59 8 5 32 37 38 30 4
31 80 71 34 29 33 35 36 12 6 59 8 5 32 37 38 30 4	31 34 28 29 33 92 35 36 12 6 59 8 5 32 37 38 30 4
31 80 71 34 29 33 35 36 12 6 59 8 5 32 37 38 30 4	31 34 28 29 33 92 35 36 12 6 59 8 5 32 37 38 30 4
7	3
7	3
7	3
7	3
7	3
7	3
7	3
31 80 71 34 29 33 35 36 12 6 59 8 5 32 37 38 30 4	31 34 28 29 33 92 35 36 12 6 59 8 5 32 37 38 30 4
120	120 145
31 80 71 34 29 33 35 36 12 6 59 8 5 32 37 38 30 4	31 34 28 29 33 92 35 36 12 6 59 8 5 32 37 38 30 4
7	3
120	120 145
1 2 116 10 0 73 66	1 118 145 2 10 0 73 66
120	120 145
7	3
31 80 71 34 29 33 35 36 12 6 59 8 5 32 37 38 30 4	31 34 28 29 33 92 35 36 12 6 59 8 5 32 37 38 30 4
7	3
7	3
120	120 145
120	120 145
120	120 145
120	120 145
7	3
7	3
7	3
120	120 145
31 80 71 34 29 33 35 36 12 6 59 8 5 32 37 38 30 4	31 34 28 29 33 92 35 36 12 6 59 8 5 32 37 38 30 4
7	3
7	3
7	3
7	3
120	120 145
120	120 145
31 80 71 34 29 33 35 36 12 6 59 8 5 32 37 38 30 4	31 34 28 29 33 92 35 36 12 6 59 8 5 32 37 38 30 4
31 80 71 34 29 33 35 36 12 6 59 8 5 32 37 38 30 4	31 34 28 29 33 92 35 36 12 6 59 8 5 32 37 38 30 4
7	3
7	3
31 80 71 34 29 33 35 36 12 6 59 8 5 32 37 38 30 4	31 34 28 29 33 92 35 36 12 6 59 8 5 32 37 38 30 4
7	3
7	3
7	3
31 80 71 34 29 33 35 36 12 6 59 8 5 32 37 38 30 4	31 34 28 29 33 92 35 36 12 6 59 8 5 32 37 38 30 4
7	3
120	120 145
7	3
120	120 145
7	3
1109 1095 31 80 71 34 29 33 35 36 12 6 1122 5 32 37 38 30 4 8 1080	1093 31 1094 1092 28 29 33 92 35 36 12 6 8 5 32 37 34 1107 38 30 4
120	120 145
7	3
31 80 71 34 29 33 35 36 12 6 59 8 5 32 37 38 30 4	31 34 28 29 33 92 35 36 12 6 59 8 5 32 37 38 30 4
120	120 145
120	120 145
7	3
7	3
1113 80 71 34 29 33 35 36 12 6 8 1103 31 5 32 37 38 30 4	34 28 29 33 92 35 36 12 6 8 31 1079 5 1124 32 37 38 30 4
120	120 145
31 80 71 34 29 33 35 36 12 6 59 8 5 32 37 38 30 4	31 34 28 29 33 92 35 36 12 6 59 8 5 32 37 38 30 4
120	120 145
31 80 71 34 29 33 35 36 12 6 59 8 5 32 37 38 30 4	31 34 28 29 33 92 35 36 12 6 59 8 5 32 37 38 30 4
120	120 145
7	3
7	3
66 7	66 3
31 80 71 34 29 33 35 36 12 6 59 8 5 32 37 38 30 4	676 31 34 28 29 33 35 36 12 6 59 8 5 32 37 38 30 4
120	120 145
31 80 71 34 29 33 35 36 12 6 59 8 5 32 37 38 30 4	31 34 28 29 33 92 35 36 12 6 59 8 5 32 37 38 30 4
7	3
31 80 71 34 29 33 35 36 12 6 59 8 5 32 37 38 30 4	31 34 28 29 33 92 35 36 12 6 59 8 5 32 37 38 30 4
31 80 71 34 29 33 35 36 12 6 59 8 5 32 37 38 30 4	31 34 28 29 33 92 35 36 12 6 59 8 5 32 37 38 30 4
120	120 145
7	3
120	120 145
1 2 116 10 0 73 66	1 118 145 2 10 0 73 66
7	3
7	3
7	3
78 77 107 94 91 13 87 90 73 66 1 11 27 95 88 82 795 75 2 0 81 426	131 78 77 89 94 96 91 13 87 130 73 66 1 11 27 95 88 82 795 75 2 0 81 426
78 77 107 94 91 379 82 87 90 73 66 1 11 27 95 88 704 13 75 2 0 81	131 78 77 89 94 96 91 379 82 87 130 73 66 1 11 27 95 88 704 13 75 2 0 81
1 2 116 10 0 73 66	1 118 145 2 10 0 73 66
201 77 107 94 91 13 82 87 90 73 66 78 602 1 11 27 95 88 75 2 0 81	131 201 77 89 94 96 91 13 82 87 130 73 66 78 602 1 11 27 95 88 75 2 0 81
73 604 78 77 168 107 91 13 82 87 90 1 11 27 88 250 248 94 75 2 0 81	73 78 77 168 89 96 91 13 82 87 130 604 131 1 11 27 88 250 248 94 75 2 0 81
78 77 107 91 82 1005 87 90 73 66 1 11 27 95 88 13 371 75 2 0 81	131 78 77 89 96 91 82 1005 87 130 73 66 1 11 27 95 88 13 371 75 2 0 81
78 77 107 540 94 91 13 82 490 87 90 73 66 1 11 27 95 88 75 2 0 81	131 78 77 94 96 91 13 82 490 87 130 73 66 1 11 89 540 27 95 88 75 2 0 81
73 78 77 107 91 13 82 87 1 11 27 88 283 250 248 94 75 2 90 585 0 81	73 131 78 77 89 96 91 13 82 87 585 130 1 11 27 88 283 250 248 94 75 2 0 81
77 107 94 91 13 82 87 90 73 180 66 731 78 1 11 27 95 88 75 2 0 81	131 77 89 94 96 91 13 82 87 130 73 180 66 731 78 1 11 27 95 88 75 2 0 81
78 77 107 91 13 82 87 90 805 73 66 1 11 27 95 88 75 2 367 0 81	131 78 77 89 96 91 13 82 87 73 66 1 11 27 95 88 75 2 367 130 805 0 81
107 94 91 13 82 87 90 73 66 933 78 214 77 1 11 27 95 88 75 2 0 81	131 89 94 96 91 13 82 87 130 73 66 933 78 214 77 1 11 27 95 88 75 2 0 81
78 77 273 107 94 91 13 82 87 90 1011 73 66 1 11 27 95 88 75 2 0 81	131 78 77 273 89 94 96 91 13 82 87 1011 130 73 66 1 11 27 95 88 75 2 0 81
232 432 11 406 1090 1073 474 397 417 1105	232 432 11 417 474 397
78 77 107 94 219 91 13 82 87 90 1014 73 66 1 11 27 95 88 75 2 0 81	131 78 77 89 94 91 13 82 87 1014 130 73 66 1 11 27 95 88 219 96 75 2 0 81
78 77 107 94 91 825 82 87 90 73 66 1 11 27 95 88 324 13 75 2 0 81	131 78 77 89 94 96 91 825 82 87 130 73 66 1 11 27 95 88 324 13 75 2 0 81
185 78 77 107 94 91 13 82 87 90 73 66 523 1 11 27 95 88 75 2 0 81	78 77 89 94 96 91 13 82 87 130 73 66 185 131 523 1 11 27 95 88 75 2 0 81
66 7	66 3
77 107 94 91 13 82 87 90 687 73 66 78 459 1 11 27 95 88 75 2 0 81	131 77 89 94 96 91 13 82 87 687 130 73 66 78 459 1 11 27 95 88 75 2 0 81
78 77 107 94 13 87 90 73 66 1 11 27 95 88 332 91 82 1035 75 2 0 81	131 78 77 89 94 96 13 87 130 73 66 1 11 27 95 88 332 91 82 1035 75 2 0 81
232 464 11 465 486 406 424	232 464 11 424 465 486
78 77 107 94 91 13 82 90 885 73 66 1 11 27 95 88 75 2 135 87 0 81	131 78 77 89 94 96 91 13 82 885 130 73 66 1 11 27 95 88 75 2 135 87 0 81
78 77 107 91 588 13 82 87 90 73 66 1 11 27 95 88 94 139 75 2 0 81	131 78 77 89 96 91 588 13 82 87 130 73 66 1 11 27 95 88 94 139 75 2 0 81
77 107 224 91 13 82 87 90 73 66 966 78 1 11 27 95 88 250 248 94 75 2 0 81	131 77 89 91 13 82 87 130 73 66 966 78 1 11 27 95 88 250 248 94 96 224 75 2 0 81
78 77 914 107 94 91 13 82 477 87 90 73 66 1 11 27 95 88 75 2 0 81	131 78 77 914 89 94 96 91 13 82 477 87 130 73 66 1 11 27 95 88 75 2 0 81
77 107 94 91 13 82 87 90 73 66 190 78 1 11 1001 27 95 88 75 2 0 81	131 77 89 94 96 91 13 82 87 130 73 66 190 78 1 11 1001 27 95 88 75 2 0 81
78 77 107 94 91 13 82 542 87 90 479 73 66 1 11 27 95 88 75 2 0 81	131 78 77 89 94 96 91 13 82 542 87 73 66 1 11 27 95 88 75 2 130 479 0 81
78 77 107 94 91 13 87 90 879 73 66 1 11 27 95 88 82 151 75 2 0 81	131 78 77 89 94 96 91 13 87 879 130 73 66 1 11 27 95 88 82 151 75 2 0 81
78 77 107 94 1922 280 75 81 73 66 27 95	78 77 94 96 1922 280 75 81 73 66 27 95
78 77 339 107 94 13 82 87 90 73 66 1 11 27 95 88 716 91 75 2 0 81	131 78 77 339 89 94 96 13 82 87 130 73 66 1 11 27 95 88 716 91 75 2 0 81
66 7	66 3
78 77 107 94 91 13 82 90 759 73 66 1 11 27 95 88 75 2 187 87 0 81	131 78 77 89 94 96 91 13 82 73 66 1 11 27 95 88 75 2 187 87 130 759 0 81
77 107 94 91 13 87 90 73 66 444 78 1 11 27 95 88 82 719 75 2 0 81	131 77 89 94 96 91 13 87 130 73 66 444 78 1 11 27 95 88 82 719 75 2 0 81
1 2 116 10 0 73 66	1 118 145 2 10 0 73 66
78 77 107 94 1051 91 13 82 87 90 73 66 1 11 27 88 75 2 138 0 81	131 78 77 89 94 96 1051 91 13 82 87 130 73 66 1 11 27 88 75 2 138 0 81
322 9 377 365 261 362 23 1272 119 1717 381 296 122 315	322 9 377 365 261 362 109 23 1272 1717 381 296 122 315
322 9 261 441 494 362 23 119 365 485 381 296 122 315	322 9 261 441 494 362 109 23 365 485 381 296 122 315
322 9 261 441 494 362 23 119 365 485 381 296 122 315	322 9 261 441 494 362 109 23 365 485 381 296 122 315
322 9 261 441 494 362 23 119 2477 365 485 381 296 122 315	322 9 261 441 494 362 109 23 2477 365 485 381 296 122 315
99 9 103 1792 5 16 105 106 20 22 15 102 61 104 19 14 12 100 98 101 97 18 17 4 379 6 21 119 25	99 9 103 1792 5 16 105 106 20 22 15 102 104 19 14 12 25 100 98 101 97 18 17 4 379 109 61 6 21
99 9 103 5 16 105 1198 106 20 4 22 15 102 61 19 14 12 100 98 101 97 18 17 135 104 6 21 119 25	99 9 103 5 16 105 1198 106 20 4 22 15 102 19 14 12 25 100 98 101 97 18 17 109 61 135 104 6 21
99 9 103 5 16 105 106 1212 20 4 22 15 102 61 19 14 12 100 98 101 97 18 17 135 104 6 21 119 25	99 9 103 5 16 105 106 1212 20 4 22 15 102 19 14 12 25 100 98 101 97 18 17 109 61 135 104 6 21
1 2 1640 2267 65 1589 119 1760 0 481 686	1 2 109 1640 2267 1760 65 1589 0 481 686
78 77 107 91 82 1005 87 90 73 66 1 11 27 95 88 13 371 75 2 0 81	131 78 77 89 96 91 82 1005 87 130 73 66 1 11 27 95 88 13 371 75 2 0 81
31 80 71 34 29 33 35 36 12 6 59 8 5 32 37 38 30 4	31 34 28 29 33 92 35 36 12 6 59 8 5 32 37 38 30 4
31 80 71 34 29 33 35 36 12 6 59 8 5 32 37 38 30 4	31 34 28 29 33 92 35 36 12 6 59 8 5 32 37 38 30 4
99 9 103 1141 5 16 105 106 20 4 22 15 102 61 19 14 12 100 98 101 97 18 17 135 104 6 21 119 25	99 9 103 1141 5 16 105 106 20 4 22 15 102 19 14 12 25 100 98 101 97 18 17 109 61 135 104 6 21
99 9 103 5 16 105 106 20 4 22 102 61 19 14 12 100 98 101 97 18 17 15 1617 135 104 6 21 119 25	99 9 103 5 16 105 106 20 4 22 102 19 14 12 25 100 98 101 97 18 17 15 1617 109 61 135 104 6 21
99 9 103 5 105 106 20 4 22 15 102 61 104 14 12 100 98 16 168 101 97 18 17 19 1402 6 21 119 25	99 9 103 5 105 106 20 4 22 15 102 104 14 12 25 100 98 16 168 101 97 18 17 109 61 19 1402 6 21
69 74 67 70 65 13 86 116 0 64 68 1 11 2 591	69 74 118 67 70 65 13 125 86 123 0 64 68 1 11 2 591
405 222 239 2073 1659 1996 2439 8 1317	2092 2537 1404 405 222 239 2073 8 1730
222 239 1659 1996 2439 8 1317	2092 2537 1404 222 239 8 1730
1962 405 1368 222 239 59 8	1962 405 222 2556 239 59 8
201 77 107 94 91 13 82 87 90 73 66 78 602 1 11 27 95 88 75 2 0 81	131 201 77 89 94 96 91 13 82 87 130 73 66 78 602 1 11 27 95 88 75 2 0 81
9 103 5 16 105 139 106 20 4 22 15 102 61 104 19 14 12 99 1793 100 98 101 97 18 17 6 21 119 25	9 103 5 16 105 139 106 20 4 22 15 102 104 19 14 12 25 99 1793 100 98 101 97 18 17 109 61 6 21
99 9 103 5 16 105 106 20 4 22 15 102 61 19 14 12 100 98 101 97 1588 18 17 135 104 6 21 119 25	99 9 103 5 16 105 106 20 4 22 15 102 19 14 12 25 100 98 101 97 1588 18 17 109 61 135 104 6 21
99 9 103 1006 5 16 105 106 20 22 15 102 61 104 19 14 12 100 98 101 97 18 17 4 280 6 21 119 25	99 9 103 1006 5 16 105 106 20 22 15 102 104 19 14 12 25 100 98 101 97 18 17 4 280 109 61 6 21
31 80 71 34 29 33 35 36 12 6 59 8 5 32 37 38 30 4	31 34 28 29 33 92 35 36 12 6 59 8 5 32 37 38 30 4
656 273 859 762 1971 1015 2 413 10 119 1 2448 0 770 481	656 273 859 762 1971 1015 2 109 413 10 1 2448 0 770 481
78 77 107 91 13 82 87 90 805 73 66 1 11 27 95 88 75 2 367 0 81	131 78 77 89 96 91 13 82 87 73 66 1 11 27 95 88 75 2 367 130 805 0 81
69 561 74 67 70 65 13 2 86 116 0 64 68 1 11	69 561 74 118 67 70 65 13 2 125 86 123 0 64 68 1 11
69 74 67 70 65 13 2 116 0 64 68 1 11 86 690	69 74 118 67 70 65 13 2 125 123 0 64 68 1 11 86 690
99 9 103 5 16 105 139 106 20 4 2452 22 15 102 61 104 19 14 12 100 98 101 97 18 17 6 21 119 25	99 9 103 5 16 105 139 106 20 4 2452 22 15 102 104 19 14 12 25 100 98 101 97 18 17 109 61 6 21
69 74 955 67 70 65 13 2 86 116 0 64 68 1 11	69 74 67 70 65 13 2 125 86 123 0 64 68 1 11 955 118
31 80 71 34 29 33 35 36 12 6 59 8 5 32 37 38 30 4	31 34 28 29 33 92 35 36 12 6 59 8 5 32 37 38 30 4
99 9 103 5 16 105 139 106 20 4 22 15 102 61 104 19 1488 14 12 100 98 101 97 18 17 6 21 119 25	99 9 103 5 16 105 139 106 20 4 22 15 102 104 19 1488 14 12 25 100 98 101 97 18 17 109 61 6 21
443 2240	2240 224 434
69 74 67 70 65 13 2 710 86 116 0 64 68 1 11	69 74 118 67 70 65 13 2 710 125 86 123 0 64 68 1 11
31 80 71 34 29 33 35 36 12 6 59 8 5 32 37 38 30 4	676 31 34 28 29 33 35 36 12 6 59 8 5 32 37 38 30 4
31 80 71 34 29 33 35 36 12 6 59 8 5 32 37 38 30 4	31 34 28 29 33 92 35 36 12 6 59 8 5 32 37 38 30 4
31 80 71 34 29 33 35 36 12 6 59 8 5 32 37 38 30 4	31 34 28 29 33 92 35 36 12 6 59 8 5 32 37 38 30 4
69 74 571 67 70 65 13 2 86 116 0 64 68 1 11	69 74 571 118 67 70 65 13 2 125 86 123 0 64 68 1 11
99 9 103 5 16 105 20 4 22 15 102 61 104 14 12 100 98 101 97 18 17 219 106 1532 19 6 21 119 25	99 9 103 5 16 105 20 4 22 15 102 104 14 12 25 100 98 101 97 18 17 219 106 109 61 1532 19 6 21
99 9 103 5 16 105 106 4 22 15 61 104 19 14 12 100 98 101 97 18 17 1140 20 138 102 6 21 119 25	99 9 103 5 16 105 106 4 22 15 104 19 14 12 25 100 98 101 97 18 17 1140 20 138 102 109 61 6 21
31 80 71 34 29 33 35 36 12 6 59 8 5 32 37 38 30 4	31 34 28 29 33 92 35 36 12 6 59 8 5 32 37 38 30 4
78 77 107 540 94 91 13 82 490 87 90 73 66 1 11 27 95 88 75 2 0 81	131 78 77 94 96 91 13 82 490 87 130 73 66 1 11 89 540 27 95 88 75 2 0 81
73 78 77 107 91 13 82 87 1 11 27 88 283 250 248 94 75 2 90 585 0 81	73 131 78 77 89 96 91 13 82 87 585 130 1 11 27 88 283 250 248 94 75 2 0 81
31 80 71 34 29 33 35 36 12 6 59 8 5 32 37 38 30 4	31 34 28 29 33 92 35 36 12 6 59 8 5 32 37 38 30 4
69 74 67 70 13 2 86 116 0 64 68 1 11 65 1036	69 74 118 67 70 13 2 125 86 123 0 64 68 1 11 65 1036
31 80 71 34 29 33 35 36 12 6 59 8 5 32 37 38 30 4	31 34 28 29 33 92 35 36 12 6 59 8 5 32 37 38 30 4
77 107 224 91 13 82 87 90 73 66 966 78 1 11 27 95 88 250 248 94 75 2 0 81	131 77 89 91 13 82 87 130 73 66 966 78 1 11 27 95 88 250 248 94 96 224 75 2 0 81
31 80 71 34 29 33 35 36 12 6 59 8 5 32 37 38 30 4	31 34 28 29 33 92 35 36 12 6 59 8 5 32 37 38 30 4
31 80 71 34 29 33 35 36 12 6 59 8 5 32 37 38 30 4	31 34 28 29 33 92 35 36 12 6 59 8 5 32 37 38 30 4
99 9 103 5 16 105 139 106 20 4 22 15 102 61 104 14 12 100 98 101 97 18 17 2578 19 6 21 119 25	99 9 103 5 16 105 139 106 20 4 22 15 102 104 14 12 25 100 98 101 97 18 17 109 61 2578 19 6 21
31 80 71 34 29 33 35 36 12 6 59 8 5 32 37 38 30 4	31 34 28 29 33 92 35 36 12 6 59 8 5 32 37 38 30 4
77 107 94 91 13 87 90 73 66 444 78 1 11 27 95 88 82 719 75 2 0 81	131 77 89 94 96 91 13 87 130 73 66 444 78 1 11 27 95 88 82 719 75 2 0 81
99 9 103 5 16 105 20 4 22 15 102 61 19 14 12 100 98 101 97 18 17 2027 106 135 104 6 21 119 25	99 9 103 5 16 105 20 4 22 15 102 19 14 12 25 100 98 101 97 18 17 2027 106 109 61 135 104 6 21
99 9 103 5 16 106 20 4 22 15 61 104 19 14 12 100 98 1741 105 101 97 18 17 138 102 6 21 119 25	99 9 103 5 16 106 20 4 22 15 104 19 14 12 25 100 98 1741 105 101 97 18 17 138 102 109 61 6 21
656 72 1 859 762 1015 2 10 119 0 770 481	656 72 1 859 762 1015 2 109 10 0 770 481
69 74 67 70 65 13 86 116 0 64 68 1 11 2 340	69 74 118 67 70 65 13 125 86 123 0 64 68 1 11 2 340
443 1125	168 1125 434
69 67 70 65 13 549 2 581 0 64 68 1 11 76 116	69 118 67 70 65 13 549 2 76 581 0 64 68 1 11
69 590 74 67 70 65 13 2 86 116 0 64 68 1 11	69 590 74 118 67 70 65 13 2 125 86 123 0 64 68 1 11
78 77 107 94 219 91 13 82 87 90 1014 73 66 1 11 27 95 88 75 2 0 81	131 78 77 89 94 91 13 82 87 1014 130 73 66 1 11 27 95 88 219 96 75 2 0 81
31 80 71 34 29 33 35 36 12 6 59 8 5 32 37 38 30 4	31 34 28 29 33 92 35 36 12 6 59 8 5 32 37 38 30 4
185 78 77 107 94 91 13 82 87 90 73 66 523 1 11 27 95 88 75 2 0 81	78 77 89 94 96 91 13 82 87 130 73 66 185 131 523 1 11 27 95 88 75 2 0 81
99 103 1006 5 16 105 106 20 4 22 15 102 61 104 19 14 12 185 9 100 98 101 97 18 17 6 21 119 25	99 103 1006 5 16 105 106 20 4 22 15 102 104 19 14 12 25 185 9 100 98 101 97 18 17 109 61 6 21
78 77 107 94 91 13 82 90 885 73 66 1 11 27 95 88 75 2 135 87 0 81	131 78 77 89 94 96 91 13 82 885 130 73 66 1 11 27 95 88 75 2 135 87 0 81
99 9 103 1809 5 16 105 106 20 4 324 22 15 102 61 104 19 14 12 100 98 101 97 18 17 6 21 119 25	99 9 103 1809 5 16 105 106 20 4 324 22 15 102 104 19 14 12 25 100 98 101 97 18 17 109 61 6 21
78 77 107 94 91 13 87 90 879 73 66 1 11 27 95 88 82 151 75 2 0 81	131 78 77 89 94 96 91 13 87 879 130 73 66 1 11 27 95 88 82 151 75 2 0 81
69 72 74 67 70 65 13 319 116 10 0 64 68 1 11 2 340	69 72 74 118 67 70 65 13 125 319 123 10 0 64 68 1 11 2 340
31 80 71 34 29 33 35 36 12 6 59 8 5 32 37 38 30 4	31 34 28 29 33 92 35 36 12 6 59 8 5 32 37 38 30 4
99 9 103 5 16 105 106 20 4 22 15 102 61 19 14 12 100 98 101 97 18 17 135 104 1893 6 21 119 25	99 9 103 5 16 105 106 20 4 22 15 102 19 14 12 25 100 98 101 97 18 17 109 61 135 104 1893 6 21
73 604 78 77 168 107 91 13 82 87 90 1 11 27 88 250 248 94 75 2 0 81	73 78 77 168 89 96 91 13 82 87 130 604 131 1 11 27 88 250 248 94 75 2 0 81
99 9 103 5 16 105 106 20 4 22 15 61 104 19 12 100 98 101 97 18 17 138 102 1435 14 6 21 119 25	99 9 103 5 16 105 106 20 4 22 15 104 19 12 25 100 98 101 97 18 17 138 102 109 61 1435 14 6 21
31 80 71 34 29 33 35 36 12 6 59 8 5 32 37 38 30 4	31 34 28 29 33 92 35 36 12 6 59 8 5 32 37 38 30 4
69 74 67 70 65 600 13 2 86 116 0 64 68 1 11	69 74 118 67 70 65 600 13 2 125 86 123 0 64 68 1 11
69 74 67 70 65 1040 13 2 86 116 0 64 68 1 11	69 74 118 67 70 65 1040 13 2 125 86 123 0 64 68 1 11
77 107 94 91 13 82 87 90 73 180 66 731 78 1 11 27 95 88 75 2 0 81	131 77 89 94 96 91 13 82 87 130 73 180 66 731 78 1 11 27 95 88 75 2 0 81
107 94 91 13 82 87 90 73 66 933 78 214 77 1 11 27 95 88 75 2 0 81	131 89 94 96 91 13 82 87 130 73 66 933 78 214 77 1 11 27 95 88 75 2 0 81
78 77 273 107 94 91 13 82 87 90 1011 73 66 1 11 27 95 88 75 2 0 81	131 78 77 273 89 94 96 91 13 82 87 1011 130 73 66 1 11 27 95 88 75 2 0 81
405 2303 1037 621 239 59 8 2116 222	405 1037 621 1690 239 59 8 2116 222
99 9 103 5 16 105 139 106 20 4 22 15 102 61 104 19 14 12 100 98 101 97 18 17 6 21 119 25 1485	99 9 103 5 16 105 139 106 20 4 22 15 102 104 19 14 12 100 98 101 97 18 17 109 61 6 21 25 1485
99 9 103 5 16 105 106 20 15 102 61 104 19 14 12 100 98 101 97 18 17 4 280 22 899 6 21 119 25	99 9 103 5 16 105 106 20 15 102 104 19 14 12 25 100 98 101 97 18 17 4 280 22 899 109 61 6 21
69 74 67 70 65 13 2 86 0 64 68 1 11 681 116	69 74 118 67 70 65 13 2 125 86 123 681 0 64 68 1 11
31 80 71 34 29 33 35 36 12 6 59 8 5 32 37 38 30 4	31 34 28 29 33 92 35 36 12 6 59 8 5 32 37 38 30 4
69 74 67 70 65 13 2 86 0 64 68 1 11 889 116	69 74 118 67 70 65 13 2 125 86 123 889 0 64 68 1 11
78 77 107 94 91 13 82 542 87 90 479 73 66 1 11 27 95 88 75 2 0 81	131 78 77 89 94 96 91 13 82 542 87 73 66 1 11 27 95 88 75 2 130 479 0 81
69 67 70 65 13 2 86 116 0 74 698 64 68 1 11	69 118 67 70 65 13 2 125 86 123 0 74 698 64 68 1 11
69 74 67 70 65 13 724 2 86 116 0 64 68 1 11	69 74 118 67 70 65 13 724 2 125 86 123 0 64 68 1 11
78 77 107 94 91 13 82 90 759 73 66 1 11 27 95 88 75 2 187 87 0 81	131 78 77 89 94 96 91 13 82 73 66 1 11 27 95 88 75 2 187 87 130 759 0 81
69 67 70 65 13 2 86 116 0 74 576 64 68 1 11	69 118 67 70 65 13 2 125 86 123 0 74 576 64 68 1 11
78 77 107 94 1051 91 13 82 87 90 73 66 1 11 27 88 75 2 138 0 81	131 78 77 89 94 96 1051 91 13 82 87 130 73 66 1 11 27 88 75 2 138 0 81
31 80 71 34 29 33 35 36 12 6 59 8 5 32 37 38 30 4	31 34 28 29 33 92 35 36 12 6 59 8 5 32 37 38 30 4
99 9 103 5 105 106 20 4 22 15 61 104 19 14 12 100 98 16 2522 101 97 18 17 138 102 6 21 119 25	99 9 103 5 105 106 20 4 22 15 104 19 14 12 25 100 98 16 2522 101 97 18 17 138 102 109 61 6 21
74 67 70 65 13 2 86 116 0 69 1039 64 68 1 11	74 118 67 70 65 13 2 125 86 123 0 69 1039 64 68 1 11
1368 222 239 59 8	222 2556 239 59 8
69 74 67 70 65 13 2 116 0 64 68 1 11 319 86	69 74 118 67 70 65 13 2 125 123 0 64 68 1 11 319 86
31 80 71 34 29 33 35 36 12 6 59 8 5 32 37 38 30 4	31 34 28 29 33 92 35 36 12 6 59 8 5 32 37 38 30 4
69 74 743 67 70 65 13 2 86 116 0 64 68 1 11	69 74 67 70 65 13 2 125 86 123 0 64 68 1 11 743 118
69 74 67 70 65 13 2 321 86 116 0 64 68 1 11	69 74 118 67 70 65 13 2 86 123 0 64 68 1 11 125 321
69 72 74 67 70 65 13 2 321 352 116 10 0 64 68 1 11	69 72 74 118 67 70 65 13 2 10 0 64 68 1 11 125 321 352 123
77 107 94 91 13 82 87 90 687 73 66 78 459 1 11 27 95 88 75 2 0 81	131 77 89 94 96 91 13 82 87 687 130 73 66 78 459 1 11 27 95 88 75 2 0 81
69 74 67 70 65 13 2 86 352 116 0 64 68 1 11	69 74 118 67 70 65 13 2 125 86 0 64 68 1 11 352 123
78 77 107 94 13 87 90 73 66 1 11 27 95 88 332 91 82 1035 75 2 0 81	131 78 77 89 94 96 13 87 130 73 66 1 11 27 95 88 332 91 82 1035 75 2 0 81
443 2365	151 434 2365
78 77 107 91 588 13 82 87 90 73 66 1 11 27 95 88 94 139 75 2 0 81	131 78 77 89 96 91 588 13 82 87 130 73 66 1 11 27 95 88 94 139 75 2 0 81
31 80 71 34 29 33 35 36 12 6 59 8 5 32 37 38 30 4	31 34 28 29 33 92 35 36 12 6 59 8 5 32 37 38 30 4
77 107 94 91 13 82 87 90 73 66 190 78 1 11 1001 27 95 88 75 2 0 81	131 77 89 94 96 91 13 82 87 130 73 66 190 78 1 11 1001 27 95 88 75 2 0 81
99 9 103 5 16 105 106 20 4 22 15 102 61 19 14 12 1987 100 98 101 97 18 17 135 104 6 21 119 25	99 9 103 5 16 105 106 20 4 22 15 102 19 14 12 25 1987 100 98 101 97 18 17 109 61 135 104 6 21
99 9 103 5 16 105 139 106 4 22 15 102 61 104 19 14 12 100 98 101 97 18 17 2236 20 6 21 119 25	99 9 103 5 16 105 139 106 4 22 15 102 104 19 14 12 25 100 98 101 97 18 17 2236 20 109 61 6 21
78 77 339 107 94 13 82 87 90 73 66 1 11 27 95 88 716 91 75 2 0 81	131 78 77 339 89 94 96 13 82 87 130 73 66 1 11 27 95 88 716 91 75 2 0 81
31 80 71 34 29 33 35 36 12 6 59 8 5 32 37 38 30 4	31 34 28 29 33 92 35 36 12 6 59 8 5 32 37 38 30 4
78 77 107 94 91 379 82 87 90 73 66 1 11 27 95 88 704 13 75 2 0 81	131 78 77 89 94 96 91 379 82 87 130 73 66 1 11 27 95 88 704 13 75 2 0 81
69 67 70 65 13 2 86 116 0 74 980 64 68 1 11	69 118 67 70 65 13 2 125 86 123 0 74 980 64 68 1 11
99 9 103 5 16 105 139 106 20 4 22 15 102 61 104 19 14 12 100 98 101 2393 97 18 17 6 21 119 25	99 9 103 5 16 105 139 106 20 4 22 15 102 104 19 14 12 25 100 98 101 2393 97 18 17 109 61 6 21
99 9 103 1757 5 16 105 106 4 22 15 102 61 104 19 14 12 100 98 101 97 18 17 332 20 6 21 119 25	99 9 103 1757 5 16 105 106 4 22 15 102 104 19 14 12 25 100 98 101 97 18 17 332 20 109 61 6 21
443 1838	1838 224 434
78 77 914 107 94 91 13 82 477 87 90 73 66 1 11 27 95 88 75 2 0 81	131 78 77 914 89 94 96 91 13 82 477 87 130 73 66 1 11 27 95 88 75 2 0 81
31 80 71 34 29 33 35 36 12 6 59 8 5 32 37 38 30 4	31 34 28 29 33 92 35 36 12 6 59 8 5 32 37 38 30 4
443 1560	1560 151 434
69 74 930 67 70 65 13 2 86 116 0 64 68 1 11	69 74 67 70 65 13 2 125 86 123 0 64 68 1 11 118 930
99 9 103 5 16 105 106 4 371 22 15 102 61 104 19 14 12 100 98 101 97 18 17 1875 20 6 21 119 25	99 9 103 5 16 105 106 4 371 22 15 102 104 19 14 12 25 100 98 101 97 18 17 1875 20 109 61 6 21
893 69 74 67 70 65 13 2 86 116 0 64 68 1 11	893 69 74 118 67 70 65 13 2 125 86 123 0 64 68 1 11
78 77 107 94 91 13 87 90 73 66 1 11 27 95 88 82 795 75 2 0 81 426	131 78 77 89 94 96 91 13 87 130 73 66 1 11 27 95 88 82 795 75 2 0 81 426
31 80 71 34 29 33 35 36 12 6 59 8 5 32 37 38 30 4	31 34 28 29 33 92 35 36 12 6 59 8 5 32 37 38 30 4
31 80 71 34 29 33 35 36 12 6 59 8 5 32 37 38 30 4	31 34 28 29 33 92 35 36 12 6 59 8 5 32 37 38 30 4
99 9 103 5 16 105 106 20 22 15 61 104 19 14 12 100 98 101 97 18 17 4 1839 138 102 6 21 119 25	99 9 103 5 16 105 106 20 22 15 104 19 14 12 25 100 98 101 97 18 17 4 1839 138 102 109 61 6 21
31 80 71 34 29 33 35 36 12 6 59 8 5 32 37 38 30 4	31 34 28 29 33 92 35 36 12 6 59 8 5 32 37 38 30 4
222 2303 1037 621 239 59 8	222 1037 621 1690 239 59 8
99 9 103 5 16 105 139 106 20 4 22 15 102 104 19 14 12 100 98 101 97 18 17 2136 61 6 21 119 25	99 9 103 5 16 105 139 106 20 4 22 15 102 104 19 14 12 25 100 98 101 97 18 17 109 2136 61 6 21
31 80 71 34 29 33 35 36 12 6 59 8 5 32 37 38 30 4	31 34 28 29 33 92 35 36 12 6 59 8 5 32 37 38 30 4
99 9 103 5 16 105 106 20 4 22 15 104 19 14 12 100 98 101 97 18 17 138 102 2501 61 6 21 119 25	99 9 103 5 16 105 106 20 4 22 15 104 19 14 12 25 100 98 101 97 18 17 138 102 2501 109 61 6 21
99 1452 9 103 5 16 105 106 20 4 22 15 61 104 19 14 12 100 98 101 97 18 17 138 102 6 21 119 25	99 1452 9 103 5 16 105 106 20 4 22 15 104 19 14 12 25 100 98 101 97 18 17 138 102 109 61 6 21
78 77 107 94 91 825 82 87 90 73 66 1 11 27 95 88 324 13 75 2 0 81	131 78 77 89 94 96 91 825 82 87 130 73 66 1 11 27 95 88 324 13 75 2 0 81
99 9 103 5 16 105 20 4 22 15 61 104 19 14 12 100 98 101 97 18 17 1544 106 138 102 6 21 119 25	99 9 103 5 16 105 20 4 22 15 104 19 14 12 25 100 98 101 97 18 17 1544 106 138 102 109 61 6 21
99 9 103 5 16 105 106 20 4 22 15 61 104 19 14 12 100 98 101 97 18 17 367 102 6 1442 21 119 25	99 9 103 5 16 105 106 20 4 22 15 104 19 14 12 25 100 98 101 97 18 17 367 102 109 61 6 1442 21
99 103 5 16 105 106 20 4 15 102 61 104 19 14 12 185 9 100 98 101 97 18 17 22 899 6 21 119 25	99 103 5 16 105 106 20 4 15 102 104 19 14 12 25 185 9 100 98 101 97 18 17 22 899 109 61 6 21
69 74 67 70 65 13 810 2 86 116 0 64 68 1 11	69 74 118 67 70 65 13 810 2 125 86 123 0 64 68 1 11
2383 611 837 1743 1332 285 2 0 1 11 2588 1581	2383 132 611 837 1743 1332 285 2 10 0 1 11 2588 1581
2311 5 1 1441 177 4 2 122 6 119 10 2177 0 2212	2311 5 1 1441 177 4 2 109 122 6 10 2177 0 2212
69 74 67 70 65 13 2 86 116 0 64 68 796 1 11	69 74 118 67 70 65 13 2 125 86 123 0 64 68 796 1 11
69 74 67 70 13 2 86 116 0 64 68 1 11 65 758	69 74 118 67 70 13 2 125 86 123 0 64 68 1 11 65 758
232 464 11 465 486 406 424	232 464 11 424 465 486
232 432 11 406 1090 1073 474 397 417 1105	232 432 11 417 474 397
7	3
194	3
7	3
7	3
7	3
570 12 194	3 570 12
194	3
194	3
194	3
194	3
194	3
194	3
194	3
26 93	28 26
26 93	28 26
281 331 26 75 93	281 331 28 26 75
26 93	28 26
194	3
26 93	28 26
26 93	28 26
26 93	28 26
26 93	28 26
26 93	28 26
26 93	28 26
26 93	28 26
26 93	28 26
26 93	28 26
26 93	28 26
26 93	28 26
194	3
353 26 217 370 93	26 217 370 353 28
7	3
26 93	28 26
26 93	28 26
26 2260 93	28 26 2260
26 93	28 26
26 93	28 26
26 93	28 26
26 93	28 26
26 93	28 26
7	3
570 12 194	3 570 12
1128 1558 1479 1329 26 2528 1388 634 1263 1905 2335 24 93 2123	1128 1558 1479 26 2528 2123 1388 634 1263 1905 1329 28 2335 24
26 93	28 26
26 93	28 26
194	3
26 93	28 26
133 26 93	133 28 26
26 93	28 26
194	3
26 93	28 26
26 93	28 26
288	3
26 93	28 26
1183 2119 26 93	1183 2119 28 26
7	3
7	3
26 93	28 26
2518 2332 75 2293 93 188 26	294 2332 28 75 2293 188 26
26 93	28 26
26 93	28 26
26 93	28 26
26 93	28 26
194	3
26 93	28 26
26 93	28 26
26 75 308 93	28 26 75 308
26 93	28 26
288	3
26 93	28 26
26 93	28 26
26 723 93	28 26 723
288	3
26 93	28 26
353 26 217 370 93	26 217 370 353 28
26 93	28 26
26 93	28 26
194	3
26 93	28 26
64 2397 288	64 3 2397
26 723 93	28 26 723
26 1514 93	28 26 1514
26 93	28 26
26 93	28 26
26 93	28 26
149 26 93	149 28 26
26 93	28 26
26 93	28 26
26 93	28 26
26 93	28 26
26 93	28 26
26 93	28 26
288	3
149 26 2362 93	149 28 26 2362
26 93	28 26
26 93	28 26
26 93	28 26
26 93	28 26
26 160 93	28 26 160
26 93	28 26
1921 2346 2269 26 93	1921 2346 26 2269 28
26 93	28 26
218 149 26 93	218 149 28 26
26 93	28 26
26 93	28 26
26 93	28 26
331 288	3 331
26 93	28 26
218 26 93	218 28 26
26 93	28 26
149 1 26 2 0 93	149 1 28 26 2 0
353 26 217 370 93	26 217 370 353 28
26 93	28 26
194	3
26 93	28 26
26 93	28 26
26 93	28 26
26 93	28 26
26 93	28 26
194	3
26 93	28 26
26 93	28 26
26 93	28 26
26 93	28 26
288	3
26 93	28 26
26 93	28 26
26 93	28 26
26 93	28 26
288	3
26 93	28 26
26 93	28 26
26 93	28 26
26 93	28 26
353 1154 217 370 288	3 353 1154 217 370
26 93	28 26
26 93	28 26
26 93	28 26
1260 1 107 2025 2 308 2405 2281 0	1260 1 96 2025 2 308 2405 2281 0
1684 143 1740 1343 107 1868 2363 2144 984 1704 1766	1684 1740 1343 294 2363 96 1868 2144 984 1704 1766
1806 2118 1609 982 2423 227 1772 920 2070 634 1389 599 1469 1906 1569 1394 1018 2143	1806 2118 1609 982 2423 1569 211 227 1772 920 2070 634 1389 599 1469 1906 1018 2143
7	3
7	3
7	3
7	3
7	3
7	3
7	3
7	3
7	3
7	3
163 196 1 132 169 136 114 279 0 2 156	163 196 1 169 121 2 136 279 0 158 132
1836 1 132 2399 279 0 2 156 24 114	1836 1 121 2399 2 24 279 0 158 132
2120 2018 156 1259	2120 2018 158 1259
7 192	3 192
163 196 1 132 169 136 191 114 279 0 2 156	163 196 1 169 121 2 136 191 279 0 158 132
7 192	3 192
2377 1 429 388 484 197 0 132 1447 2 156 454 114	2377 1 429 388 2 454 197 0 158 132 1447 484 121
163 196 1 132 169 136 114 279 0 2 156	163 196 1 169 121 2 136 279 0 158 132
7	3
7 192	3 192
7	3
476 480 305 438 1 107 132 429 388 507 484 430 402 341 0 458 586 2 156 380 462 360 454 12 114	476 480 305 438 1 429 96 388 2 430 402 842 341 0 158 132 458 586 484 121 380 462 360 454 12
1747 5 1930 1365 4 1965 2151 1600 197 1955 0 452 1 509 1527 2328 2 156 2579 153 10 114 1566 852	1747 5 158 1930 1365 4 2 2151 1600 10 197 1955 0 452 1 509 1527 2328 1965 121 2579 153 1566 852
7	3
7 192	3 192
7 192	3 192
7 192	3 192
7	3
2325 1693 419 1475 1654 228 2539 2581 160 467 107 483 1651 1340 2182 2574 1465 1418	2325 1693 419 483 1654 228 2539 2581 160 467 96 1475 1651 1340 2182 2574 1465 1418
2219 419 107 483 937 467	2219 419 483 96 937 467
2190 419 1785 107 483 937 467	2190 419 483 96 1785 937 467
476 480 305 438 1 107 132 429 388 507 484 430 402 341 0 458 586 2 156 380 462 360 454 12 114	476 480 305 438 1 429 96 388 2 430 402 842 341 0 158 132 458 586 484 121 380 462 360 454 12
480 5 107 132 4 2 153 12 2442 0 452 1 2189 507 1865	480 5 132 96 4 2 153 12 842 2442 0 452 1 2189 1865
205	3
205	3
281 475 133 205	281 133
205	3
205	3
281 205	281
1047 205	1047
205	3
205	3
120 1066 913 4 2431 2 153 122 2434 5 475 452 1 0 935	113 120 5 1066 913 4 2431 2 153 122 2434 452 1 0 935
1047 205	1047
1 2148 913 4 2 153 160 197 5 475 0 935	113 5 1 2148 913 4 2 153 160 197 0 935
1216 2024 2320 1221	1216 109 2024 1221
8	3 24 8
613	3 24 613
191 8	3 191 24 8
8	3 24 8
8	3 24 8
8	3 24 8
8	3 24 8
163 696 1238 1980 1498 8	163 3 696 1238 1980 24 1498 8
205	3
613	3 24 613
8	3 24 8
8	3 24 8
205	3
8	3 24 8
8	3 24 8
1759	3 1759 24
2191	3 2191 24
8	3 24 8
205	3
8	3 24 8
1130	3 1130 24
205	3
1350	3 1350 24
8	3 24 8
8	3 24 8
696 8	3 696 24 8
205	3
1920 963	3 1920 963 24
8	3 24 8
205	3
8	3 24 8
8	3 24 8
2031 2534 1991 1798 363 2320 2307 1700 2076	2031 2534 1991 1798 363 109 2307 1700 2076
475 2412	113 2412
342 7	3 342
342 7	3 342
342 7	3 342
342 7	3 342
736 2103 1 535 1030 785 2221 107 614 2 2063 624 0 2555	736 2103 1 614 96 535 1030 785 2221 2 2063 624 0 2555
7	3
792 7	3 792
7	3
7	3
792 7	3 792
7	3
3 26 2584 541	3 26 541
534 3 1009	3 1009
534 3 765	3 765
3 26 772	3 772
3 26 2584 541	3 26 541
534 3 1009	3 1009
534 3 765	3 765
3 26 772	3 772
2183 2139 9 5 2202 335 2364 122 23 1570 1165 839 1670 1470 2469 2542 1783 2577 1708 1254 878 177 1119 4 154 6 383	2183 2139 9 5 2202 335 2364 122 23 1570 1165 839 1670 1470 2469 2542 1783 2577 1708 1254 878 177 1119 4 154 2433 6 383
113 216 351 252 931 154 1195 888 478 110 394 517 247 144 326 718 112 2129 287 111	351 252 931 1195 888 478 110 394 113 208 517 247 144 326 718 112 2129 287 111
1945 416 2134 5 1606 701 112 122 1983 110 1361 2587 4 620 1834 6 383 111 821	1945 416 2134 5 1606 533 701 112 122 1983 110 1361 2587 4 620 1834 6 383 111 821
113 179 216 356 263 271 154 699 564 334 1813 111 1050 110 302 358 270 183 512 456 144 162 112 272	179 356 263 271 154 699 564 334 1813 111 1050 110 302 113 208 358 270 183 512 456 144 162 112 272
2300 468 1108 247 1174 144 1414 1504 154 1699 782 286 579 1596 739 295 1456 1542 2570 583 272 568 337	2300 468 1174 1414 1504 457 1699 782 286 579 1596 739 208 1456 1542 2570 517 247 583 272 568 337
113 179 216 183 154 699 112 447 2222 111 1050 110 162 668 144	179 183 154 699 112 447 2222 111 1050 110 113 208 162 668 144
1476 216 446 183 162 1623 154 112 400 111 160 110 972 179 1778 271 1909 478	446 183 1623 112 400 111 160 110 1476 208 972 179 144 162 1778 271 1909 478
755 1710 2551 425 1509 2113 1002 2410 2428 112 290 2344 1599 2257 568 1190 111 347 241 96 2495 110	113 755 1710 2551 425 1509 2113 1002 241 2410 2428 112 290 2344 1599 2257 568 1190 111 347 2495 110
1392 1078 1013 509 144 774 629 830 274 2502 945 225 1116 589 2158 335 2252 387 286 359 253 160	1392 1013 589 509 144 774 629 830 274 1835 2502 945 225 1199 2158 1345 335 2252 387 286 359 562 253 160
972 1912 2343 1483 1354 2130 1733 191 111 2331 269 188 112 1223 289 2263 2138 110	972 1266 1912 2343 1483 1354 2130 1733 191 111 2331 269 188 112 1223 289 2263 2138 110
1157 133 1675	1157 133 1097 2050 1675
113 179 216 1145 183 851 616 154 584 112 447 965 1546 111 648 144 162 1373 2550 2174 110	179 1145 183 851 616 584 112 2550 965 1546 111 648 113 208 144 162 447 1210 2174 110
113 179 216 183 263 271 831 154 112 111 110 144 162	179 183 263 271 831 112 111 110 113 208 144 162
1116 147 2347 1529 253 992 1078 2228 1523 2146 1957 290 1676 1454	147 2347 1529 992 2228 1523 2146 1957 290 1676 1454 562 253
295 601 510 247 263 144 831 1301 109 923 1417 337 1660 252 2427 1281 1986 721 154 286 359 946 1933 806	601 510 247 263 144 831 1301 109 923 1417 337 1660 252 2427 1281 1986 457 721 286 359 946 1933 806
295 493 154 112 211 111 110	493 457 112 211 111 110
113 179 216 183 616 154 584 112 1373 447 111 648 110 162 668 144 851 2316	179 183 616 584 112 111 648 110 113 208 162 668 144 851 2316 447 1210
216 1078 2490 1116 115 2216 1951 1627 2125 730 1521 253 1796 2271 1960 1086 1718 984 2406 2009 2554 191 2064 1775 2045 2305	216 2490 115 2216 1951 1627 2125 730 1521 1796 2271 1960 1086 1718 984 2406 2009 2554 191 2064 1775 562 253 2045 2305
1013 589 774 629 830 387 1545 2334 286 945 1076 279 225 1685	1013 589 774 629 830 1835 387 1545 2334 286 945 1199 1345 1076 279 225 1685
2373	2373 1097
113 179 216 183 263 271 154 112 334 111 110 302 144 162	179 183 263 271 112 334 111 110 302 113 208 144 162
113 1824 468 247 351 252 241 154 564 334 400 110 302 356 1108 358 270 144 326 162 112 272 287 111	1824 468 356 351 252 241 564 334 400 110 302 113 208 358 270 517 247 144 326 162 112 272 287 111
1877 510 5 445 1702 508 440 1497 730 2416 2524 2447 4 2401 1811 1138 1891 387	1702 440 521 1497 730 757 2416 2524 2447 394 993 1877 5 1477 1761 445 508 1322 4 2401 1811 1138 1891
113 179 216 1227 2404 154 110 144 162 718 112 287 111	179 1227 2404 110 113 208 144 162 718 112 287 111
2010 1495 144 154 112 111 567 110 113 993 216 1318 1916 183	1318 2010 1495 144 112 111 567 110 113 993 208 1916 183
295 493 112 211 111 110	493 1446 1862
295 601 510 247 144 583 286 721 154 109 1631 923 782 946 806	601 510 247 144 583 286 457 721 109 1631 923 782 946 806
295 493 112 211 111 110	493 1446 1862
3 1450	3
3 2414	3
3 2471	3
3 1160	3
3 1844 760	3 760
3 1450	3
3 2414	3
3 2471	3
3 1160	3
3 1844 760	3 760
850 7	850 3
196 2572 1706 164 107 611 112 1499 307 111 2356 119 1328 1621 2517 2453 837 241 2301 114 916 110 1538	113 196 2572 1706 611 109 1499 307 111 2356 1328 1621 2517 2453 837 241 96 121 112 2301 916 110 1538
7 24 8	3 24 8
1225 107 112 1520 307 114 111 110 1940	1225 96 1520 307 111 110 1940 121 112
804 7	3 804
2215 2291 1232 559 112 2286 307 111 110 24 1415 114	2215 2291 1232 559 2286 307 111 110 121 112 24 1415
114	121
694 7	3 694
559 380 1879 114 916	559 121 380 1879 916
866 306 133 7 24 8	866 3 306 133 24 8
850 7	850 3
7 24 8	3 24 8
804 7	3 804
694 7	3 694
866 306 133 7 24 8	866 3 306 133 24 8
7 24 8	3 24 8
146 7 24	146 3 24
7 24 8	3 24 8
146 7 24	146 3 24
398 908 2124 1 390 448 835 1058 2 940 258 10 107 1680 819 1522 0 1512	398 908 2124 1 1680 390 96 448 835 1058 2 940 258 10 819 1522 0 1512
460 1 107 2 258 10 0 398 488	460 1 96 2 258 10 0 398 488
1 107 650 26 1033 24 8 2 7 0 236	1 3 96 650 26 2 1033 24 8 0 236
71	28
146 7 24	146 3 24
926 199 8 853 7 24 954	926 199 3 853 8 24 954
7 24 996	3 24 996
1 107 650 26 1033 24 8 2 7 0 236	1 3 96 650 26 2 1033 24 8 0 236
71	28
146 7 24	146 3 24
926 199 8 853 7 24 954	926 199 3 853 8 24 954
7 24 996	3 24 996
1969 390 1756 2436 119 1642 2135 2068 2409 373	1969 390 1756 109 2436 1642 2135 2068 2409 373
146 7 24	146 3 24
1003 159 7 24 8	3 1003 159 24 8
146 7 24	146 3 24
1003 159 7 24 8	3 1003 159 24 8
7 24 8	3 24 8
146 7 24	146 3 24
7 24 8	3 24 8
7 24 8	3 24 8
7 24 8	3 24 8
146 7 24	146 3 24
7 24 8	3 24 8
7 24 8	3 24 8
255 908 1 390 448 1058 2 940 819 0 1104 107 1652 835 258 487 10 375	255 908 1 390 448 1058 2 940 819 0 96 528 1652 835 258 487 10 375
255 488 460 1 2 2384 487 0 1104 107 10 375	255 488 460 1 2 2384 487 0 96 528 10 375
460 1 107 2 258 10 0 398 488	460 1 96 2 258 10 0 398 488
255 446 1 107 2006 448 26 2 1842 0 10 24	255 446 1 2006 96 448 26 2 1842 0 10 24
255 1 107 188 2 258 0 986 799 981 227 375 1028	255 1 96 188 2 258 0 986 799 981 227 375 1028
255 2370 1 312 188 2 487 0 986 799 1104 107 981 227 10 375 1028	255 2370 1 312 188 2 487 0 986 799 96 528 981 227 10 375 1028
7	3
7	3
7	3
331 7	3 331
7	3
7	3
7	3
7	3
7	3
892 7	892 3
7	3
7	3
7	3
7	3
7	3
7	3
7	3
7	3
7	3
331 7	3 331
7	3
7	3
7	3
7	3
7	3
892 7	892 3
7	3
7	3
7	3
7	3
7	3
7	3
140 2083 1615 2 2017 142 781 1554 204 1099 1459 1 164 617 10 662 0 2339	140 1615 2 2017 1173 155 113 142 781 1554 1099 1459 1 617 10 662 0 2339
2179 1677 705 628 4 1537 159 2 1768 813 709 6 204 5 140 152 1 164 1638 210 0 264	2179 1677 705 5 1 628 4 159 2 1768 813 709 6 155 113 2476 140 152 1638 210 0 264
142 1 233 132 2242 461 1729 2 213 547 1898 691 1163 0 869 420 140 152	142 1 132 2242 461 1729 2 213 547 1898 230 691 1163 0 869 420 140 152
142 1966 1397 449 2 1923 140 152 1 164 233 1274 2330 2159 165 1220 2368 195 10 210 0 264	1966 1397 1 1274 449 2 1923 113 142 140 152 2330 2159 165 1220 2368 195 10 210 230 0 264
142 2035 867 1750 165 1926 249 140 152 233 703 652 195 1341 574	142 2035 703 867 1750 165 1926 249 230 140 152 652 195 1341 574
142 233 2047 1662 1626 165 195 249 140 152	142 2047 1662 1626 165 195 249 230 140 152
142 293 233 1172 313 165 2 195 292 0 2273 1515 140 152 1 2481 2420 1619 1147 285 213 2106 764 10 24 1178 329	142 293 1172 313 165 2 195 292 1178 0 2273 1515 140 152 1 2481 2420 1619 1147 285 213 211 2106 764 10 24 230
142 869 1827 848 140 233 692 2 1206 2531 501 894 449 461 608 911 213 871 0 264	142 869 1827 848 140 502 692 2 1206 2531 230 894 449 461 608 911 213 871 0 264
164 867 165 1622 249 574 142 2497 140 152 1972 233 703 652 195	867 165 1622 249 230 574 113 142 2497 140 152 1972 703 652 195
142 1142 233 1181 165 249 140 152 1307 195	142 1142 1181 165 249 230 140 152 1307 195
142 420 848 140 233 894 692 2573 871 210 501 608 911	142 420 848 140 894 502 692 2573 871 608 911 210 230
7	3
231 7	3 231
7	3
231 7	3 231
231 7	3 231
143 1 291 771 2 1041 114 385 0	499 291 771 399 1041 385
143 1 132 291 350 771 2 1226 114 385 0	499 1 132 291 350 771 399 1226 385 0
7	3
7	3
7	3 553
7	3
7	3
7	3 553
7	3 553
7	3
7	3
7 24 8	3 24 8
146 7 24	146 3 24
7	3
7 24 8	3 24 8
146 7 24	146 3 24
7	3
146 7 24	146 3 24
133 159 7 24 8	3 133 159 24 8
146 7 24	146 3 24
133 159 7 24 8	3 133 159 24 8
7	3
7	3
7	3
1 1517 169 1081 2 153 1153 122 289 1630 9 5 269 4 1634 1390 498 1493 112 14 413 10 1379 6 111 110 1548 0 1637	215 1 1517 169 2 153 1153 122 289 1630 9 5 269 4 1634 1390 498 1493 112 14 413 10 1379 6 111 110 1548 0 1637
1848 2493 1744 188 1795	1087 1 2493 2 1744 0 188 1795
309 7	309 3
7	3
309 7	309 3
7	3
7	3
7	3
309 7	309 3
7	3
309 7	309 3
1 2 0 10 114	1 121 2 10 0
7	3
7	3
1 2 0 10 114	1 121 2 10 0
1 2 0 10 114	1 121 2 10 0
1 2 0 10 114	1 121 2 10 0
1 2 0 10 114	1 121 2 10 0
1 2 0 10 114	1 121 2 10 0
1 2 0 10 114	1 121 2 10 0
133 7	3 133
1 2 0 10 114	1 121 2 10 0
1 2 0 10 114	1 121 2 10 0
1 2 0 10 114	1 121 2 10 0
7	3
1 2 0 10 114	1 121 2 10 0
143 5 974 350 4 2 153 2098 385 316 1846 0 1 318 169 291 395 1947 372 114	499 5 974 350 4 121 2 2098 372 385 316 1846 0 1 318 169 291 399 153 395 1947
1 2 0 10 114	1 121 2 10 0
7	3
7	3
7	3
7	3
1 2 0 10 114	1 121 2 10 0
1 2 0 10 114	1 121 2 10 0
7	3
1 2 0 10 114	1 121 2 10 0
1 2 0 10 114	1 121 2 10 0
1 2 0 10 114	1 121 2 10 0
7	3
1 2 0 10 114	1 121 2 10 0
7	3
1 2 0 10 114	1 121 2 10 0
7	3
7	3
1 2 0 10 114	1 121 2 10 0
1 2 0 10 114	1 121 2 10 0
7	3
1 2 0 10 114	1 121 2 10 0
7	3
1 2 0 10 114	1 121 2 10 0
7	3
1 2 0 10 114	1 121 2 10 0
7	3
7	3
7	3
1 2 0 10 114	1 121 2 10 0
7	3
7	3
7	3
1 2 0 10 114	1 121 2 10 0
7	3
231 7	3 231
1 2 0 10 114	1 121 2 10 0
7	3
1 2 0 10 114	1 121 2 10 0
1 2 0 10 114	1 121 2 10 0
1 2 0 10 114	1 121 2 10 0
7	3
7	3
7	3
7	3
7	3
7	3
7	3
7	3
7	3
8	3 439
7	3
8	3 439
133 7	3 133
8	3 439
7	3
7	3
7	3
7	3
7	3
7	3
8	3 439
7	3
7	3
7	3
7	3
7	3
7	3
7	3
7	3
7	3
7	3
7	3
7	3
7	3
7	3
231 7	3 231
7	3
8	3 439
7	3
7	3
7	3
7	3
7	3
7	3
7	3
8	3 439
7	3
143 2079 2090 5 2557 115 1866 1411 2 2028 127 1915 6 126 134 2283 9 1 124 1139 4 1282 128 122 2061 137 2298 1723 2463 0 2288	2079 2090 5 124 2557 115 1866 1411 2028 127 1915 6 126 134 2288 150 2283 9 1139 4 1282 128 122 2061 137 2298 1723 2463
143 237 115 2 127 141 126 0 1 124 148 128	150 237 124 115 127 141 126 148 128
143 115 2 1357 127 137 141 126 134 0 1 124 148 128	150 124 115 1357 127 137 141 126 134 148 128
143 246 976 115 2 127 141 134 0 1 124 148 128 1098 126	150 124 246 976 115 127 141 134 148 128 1098 126
143 246 115 2 127 137 141 126 134 0 1 124 148 128	150 124 246 115 127 137 141 126 134 148 128
143 246 115 2 127 137 141 126 134 0 1 124 148 128	150 124 246 115 127 137 141 126 134 148 128
143 9 2062 5 1271 115 4 2 127 134 0 1 124 148 128 122 137 141 6 2510 126	2062 5 124 1271 115 4 127 134 150 9 148 128 122 137 141 6 2510 126
143 115 128 2 127 137 141 126 0 1 124 2000 134	150 124 115 128 127 137 141 126 2000 134
143 1363 115 128 2 127 137 141 126 0 1 124 1928 134	150 124 1363 115 128 127 137 141 126 1928 134
143 1908 115 2 127 141 126 0 1 124 2117 128 275 1749 134	150 124 115 127 141 126 294 1908 2117 128 275 1749 134
231 7	3 231
143 246 115 2 127 137 141 126 134 0 1 124 148 128	150 124 246 115 127 137 141 126 134 148 128
143 246 115 2 127 137 141 126 134 0 1 124 148 128	150 124 246 115 127 137 141 126 134 148 128
143 237 115 128 2 127 137 126 0 1 124	150 237 124 115 128 127 137 126
143 237 115 128 2 127 137 126 0 1 124	150 237 124 115 128 127 137 126
143 9 5 115 766 4 2 472 127 126 134 0 1 124 148 128 1021 122 137 141 6	5 124 115 766 4 472 127 126 134 150 9 148 128 1021 122 137 141 6
143 246 115 2 127 137 141 126 134 0 1 124 148 128	150 124 246 115 127 137 141 126 134 148 128
143 115 128 2 127 126 134 0 1 124	150 124 115 128 127 126 134
143 128 2 127 141 126 134 0 1 124 2133 115	150 124 128 127 141 126 134 2133 115
143 9 5 115 766 4 2 472 127 126 134 0 1 124 148 128 1021 122 137 141 6	5 124 115 766 4 472 127 126 134 150 9 148 128 1021 122 137 141 6
143 115 2 127 137 2039 141 126 134 0 1 124 148 128	150 124 115 127 137 2039 141 126 134 148 128
143 115 128 2 127 126 134 0 1 124	150 124 115 128 127 126 134
143 115 128 2 127 137 2385 141 126 134 0 1 124	150 124 115 128 127 137 2385 141 126 134
143 115 128 2 127 137 1261 126 134 0 1 124	150 124 115 128 127 137 1261 126 134
143 9 5 1351 115 4 128 2 127 134 0 1 124 122 137 6 2250 2175 126	5 124 1351 115 4 128 127 134 150 9 122 137 6 2250 2175 126
143 115 2567 128 2 127 137 126 134 0 1 124	150 124 115 2567 128 127 137 126 134
143 237 115 2 127 137 141 126 0 1 124 148 128	150 237 124 115 127 137 141 126 148 128
143 237 115 2 127 137 141 126 0 1 124 148 128	150 237 124 115 127 137 141 126 148 128
143 9 5 115 2232 4 128 2 472 127 6 126 134 0 1 124 122 137	5 124 115 2232 4 128 472 127 6 126 134 150 9 122 137
281 157	281 3
2569 222 157 2180	2569 222 2180
281 157	281 3
196 133 7	196 3 133
7	3
7	3
196 133 7	196 3 133
7	3
7	3
7	3
1748 175 7	1748 175
156 114	158 121
133 7 8	254 8
259 159 7 24	259 193
9 2230 7 24	9 2230
257 451 24 160 161 0 1 175 2 7	175 226 161 262 234 243 386 240 238
175 274 7 573 191 166 147 1067 906 518	175 274 573 191 166 147 1067 906 518
175 274 7 573 191 166 147 1067 906 518	175 274 573 191 166 147 1067 906 518
218 149 7	218 149 3
9 7 24 8 1639	9 8 1639
520 2418 7	2418 520
7	1712 3
175 506 147 880 166 1176 7	175 506 880 166 268
7 24 166 1474 8	1474 166 520
7	3 2171
7	218 3
259 9 7 24	259 9
257 1 132 147 114 161 0 2 156	158 243 226 121 161 268 262 234 240 238
175 159 7 24 166	175 193 166
7 489 160 1419	1294 3 489
377 147 191 114 161 0 431 204 1 164 2 156 500	377 431 1 158 243 226 121 191 155 161 113 234 2086 147 2 500 240 238 0 268
1618 257 1884 2549 24 2504 161 0 1 175 2 7	1618 243 226 2 1884 2549 2504 161 0 262 234 1 175 240 238
257 7 24 520	243 520 262 234 240 238
277 156 260 114 284	277 158 451 121 260 166 284
257 269 1 114 161 2 156 0 1552	269 158 243 226 121 161 1552 262 234 240 238
7	3
277 204 159 929 228 260 114 284 0 1 164 2 156	113 277 1 158 193 121 2 929 228 260 0 284 155
160 197	3 386 197
936 2041 159 2394 455	193 936 2041 2394 455
133 7 8	254 8
259 159 7 24	259 193
257 451 24 160 161 0 1 175 2 7	175 226 161 262 234 243 386 240 238
133 8	254 8
1887 159 1061	193 1887 1061
257 1 132 147 451 2 166 161 0	243 226 161 268 262 234 240 238
1682 159 1061	1682 193 1061
257 1 1179 133 2187 2 111 0 161 1297 110	254 1 1179 243 226 2187 2 111 0 262 234 240 238 161 1297 110
175 506 147 880 166 1176 7	175 506 880 166 268
133 8	254 8
257 1 132 147 114 161 0 2 156	158 243 226 121 161 268 262 234 240 238
277 149 159 228 260 284	277 149 193 228 260 284
175 159 7 24 166	175 193 166
377 147 191 114 161 0 431 204 1 164 2 156 500	377 431 1 158 243 226 121 191 155 161 113 234 2086 147 2 500 240 238 0 268
2112 2043 1899 160 197	2112 2043 386 1899 197
160	386
277 204 159 929 228 260 114 284 0 1 164 2 156	113 277 1 158 193 121 2 929 228 260 0 284 155
277 149 159 228 260 284	277 149 193 228 260 284
7	3
160 197	3 386 197
192	3 192
218 149 7	218 149 3
7	1712 3
7	3 2171
7	218 3
7 489 160 1419	1294 3 489
7	3
7 24 8	3 24 8
7 24 8	3 24 8
146 7 24	146 3 24
146 7 24	146 3 24
7 24 8	3 24 8
7 24 8	3 24 8
7	3
7 24 8	3 24 8
7 24 8	3 24 8
7 24 8	3 24 8
7 24 8	3 24 8
7 24 8	3 24 8
218 149 7	218 149 3
149 7	149 3
7 24 8	3 24 8
7	3
7	3
7 24 8	3 24 8
7 24 8	3 24 8
7	3
7 24 8	3 24 8
149 7	149 3
7 24 8	3 24 8
7 24 8	3 24 8
7	3
7 24 8	3 24 8
7 24 8	3 24 8
7 24 8	3 24 8
7 24 8	3 24 8
7 24 8	3 24 8
218 149 7	218 149 3
149 7	149 3
7 24 8	3 24 8
7	3
7	3
7 24 8	3 24 8
7 24 8	3 24 8
7	3
7 24 8	3 24 8
149 7	149 3
157 598 903 192	3 598 903 192
157	3
157 598 903 192	3 598 903 192
157	3
157 970 663 838 8 24 1008	663 838 8 970 3 24 1008
157 335 136 24 471 8	136 24 335 3 471 8
157 24 8	3 24 8
157 24 8	3 24 8
157 970 663 838 8 24 1008	663 838 8 970 3 24 1008
157 24 8	3 24 8
157 24 8	3 24 8
157 335 136 24 471 8	136 24 335 3 471 8
1981 5 384 516 1873 4 1089 1650 122 1559 2033 9 2145 1023 6 1084	1981 5 1873 409 4 1650 122 1559 2033 9 2145 1023 6 1084
511 384 516	409
511 516 1803 1724 384	516 409 1803 1724 384
