3898	[bos] 4013 [eos]
20275	[bos] 35 [eos]
40	[bos] 92 [eos]
10 51 9730 453	[bos] 7761 9 8059 4187 [eos]
25	[bos] 66 [eos]
23627 2919	[bos] 22931 [eos]
10212 650 6730 5838 6101	[bos] 650 1838 5838 5838 5838 [eos]
1831 64	[bos] 176 [eos]
27579 31822 10780	[bos] 66 [eos]
302 707	[bos] 25 [eos]
18160 18171 20503	[bos] 66 [eos]
2980 34755 6713	[bos] 3362 [eos]
23 162 897 362 124 6755	[bos] 23 162 897 362 124 2854 [eos]
2122 2 60 57	[bos] 2122 57 60 123 [eos]
84 48 2674 47 21830	[bos] 84 48 2674 47 18865 [eos]
26208 10474	[bos] 25 [eos]
92	[bos] 25 [eos]
11 20334 182 646	[bos] 11 646 182 31011 5701 [eos]
8233 9668	[bos] 722 643 [eos]
3206	[bos] 30777 [eos]
435 1807 4835 2978	[bos] 353 28 25 66 [eos]
25	[bos] 66 [eos]
40	[bos] 92 [eos]
4466	[bos] 3815 [eos]
35	[bos] 40 [eos]
25	[bos] 66 [eos]
10372 8382 698 11620 10630	[bos] 25 [eos]
40	[bos] 92 [eos]
32021	[bos] 15249 14231 [eos]
1033	[bos] 25 [eos]
9597 15963 7269 9816	[bos] 1239 1239 1239 1149 [eos]
1 60 2154 57 1144	[bos] 80 253 25 [eos]
20561	[bos] 66 [eos]
8019 14832 2077 31588	[bos] 35 [eos]
25	[bos] 66 [eos]
26963	[bos] 3816 [eos]
1878	[bos] 35 [eos]
15478 2919	[bos] 2919 [eos]
9964	[bos] 66 [eos]
66	[bos] 35 [eos]
10746 5441	[bos] 25 [eos]
66	[bos] 35 [eos]
20941 661	[bos] 661 661 [eos]
17996 24248	[bos] 25 [eos]
358	[bos] 281 [eos]
35	[bos] 40 [eos]
31094	[bos] 25 [eos]
17920	[bos] 35 [eos]
2407 7861 420 11019	[bos] 464 196 294 6659 [eos]
8758 10266 20987 381	[bos] 455 1879 455 1879 [eos]
58 21992 21356 21758 449	[bos] 25 [eos]
11576 4945 1890 1375 5095 2665	[bos] 92 [eos]
9051	[bos] 5698 [eos]
3912	[bos] 5596 825 [eos]
676	[bos] 616 [eos]
23671	[bos] 17093 [eos]
1947 261	[bos] 13 10910 [eos]
395 74 7381 2177 377 120 0 14 2041 177	[bos] 74 7 209 778 7 191 120 0 191 18 [eos]
6251 5812	[bos] 8681 9667 [eos]
25	[bos] 66 [eos]
25	[bos] 66 [eos]
23 83 26 80 294 1661 19630 32 674 182 394 189 225 246 1653 171	[bos] 23 83 26 80 294 1661 32 674 182 394 189 225 246 171 228 171 [eos]
10181 44 3748 7425 797 757 522 120 3326 0 230 450 16767 11156 7596 448	[bos] 44 44 44 44 287 2 127 191 7532 0 25 191 191 191 4167 66 [eos]
2445	[bos] 1033 [eos]
1646	[bos] 17093 [eos]
12541	[bos] 9839 [eos]
2710 22009	[bos] 33427 [eos]
35	[bos] 40 [eos]
2886 2489 3279	[bos] 25 [eos]
13252 298 109 269 7322 282 642 165 22 2598 220 144 103	[bos] 835 66 [eos]
11663 2625 27194	[bos] 66 [eos]
25	[bos] 66 [eos]
25	[bos] 66 [eos]
2992	[bos] 3218 [eos]
759 12593 38 528	[bos] 28 365 [eos]
40	[bos] 92 [eos]
21662 19278	[bos] 66 [eos]
28 71	[bos] 28 9 [eos]
8758 14572 381	[bos] 455 1879 381 [eos]
27035 1158 8206 7525 25202	[bos] 1158 7691 25 6814 590 [eos]
5023 19694 520 1164 1830	[bos] 66 [eos]
233 564	[bos] 131 733 [eos]
15887	[bos] 66 [eos]
2411	[bos] 25 [eos]
1173 361	[bos] 25 [eos]
13439 22013	[bos] 66 [eos]
281	[bos] 66 [eos]
971 914 2997 2921	[bos] 92 [eos]
281	[bos] 66 [eos]
40	[bos] 92 [eos]
40	[bos] 92 [eos]
73 3 25275	[bos] 73 251 281 [eos]
3204	[bos] 3449 [eos]
27175 24 31796 400	[bos] 122 24 262 517 [eos]
6973 7205	[bos] 5211 5128 [eos]
35	[bos] 40 [eos]
6533 6348	[bos] 5468 5299 [eos]
18006 2422	[bos] 66 [eos]
12705 159 4 634	[bos] 3485 159 4 155 [eos]
32335 4812	[bos] 40 [eos]
44 20548 604 74 15520 15 967 20219 8770 744 500 7 775 25773 16763	[bos] 44 74 92 288 [eos]
179 126 55 2640 7386 15534	[bos] 1278 1467 1467 1467 1467 1467 [eos]
40	[bos] 92 [eos]
3389 12927 13753	[bos] 25 [eos]
9665 9275	[bos] 10389 6668 [eos]
1800 6031 250 3130 24709	[bos] 1800 14097 3130 1800 4612 [eos]
6976 7609	[bos] 1412 656 [eos]
289 11482	[bos] 289 6523 [eos]
119 88 31349	[bos] 88 119 5933 [eos]
358	[bos] 281 [eos]
66	[bos] 35 [eos]
12443	[bos] 25 [eos]
5558 6246	[bos] 8051 7363 [eos]
22386 3 2463	[bos] 3 3 587 8 [eos]
5061 4748	[bos] 4371 4271 [eos]
20899 16005 296 25246 994 6444 50 9200 26215 102 39 8 32834 1972 2677 11306 2924 3960 20051	[bos] 66 [eos]
58 1162	[bos] 91 1162 [eos]
25	[bos] 66 [eos]
13983 1039 17844	[bos] 35 [eos]
1656 38 1891 3773	[bos] 38 1656 1656 528 [eos]
17064	[bos] 25 [eos]
25	[bos] 66 [eos]
35	[bos] 40 [eos]
34519	[bos] 40 [eos]
281	[bos] 66 [eos]
17408 2060 2085	[bos] 8 2085 142 [eos]
5062 4274	[bos] 4119 3901 [eos]
9623	[bos] 11133 [eos]
25245	[bos] [eos]
4750 5057	[bos] 8514 7372 [eos]
66	[bos] 35 [eos]
15699 12483 8714	[bos] 66 [eos]
362 2977 5989 124 8006 28689	[bos] 612 897 1838 124 155 124 [eos]
8190 802 1461 417 11 433	[bos] 3584 802 1461 17001 11 433 [eos]
35	[bos] 40 [eos]
66	[bos] 35 [eos]
1681 1678	[bos] 6976 7609 [eos]
13015 350 8495 16507 12819	[bos] 13015 350 3447 11900 281 [eos]
40	[bos] 92 [eos]
84 48 18713 47	[bos] 84 48 18865 47 [eos]
25	[bos] 66 [eos]
7889 8194	[bos] 5804 5970 [eos]
40	[bos] 92 [eos]
5969 5288	[bos] 5968 5798 [eos]
40	[bos] 92 [eos]
11998 26713 10733	[bos] 66 [eos]
46 21920 0 2593 70 12880 4689	[bos] 46 209 209 70 25 209 346 [eos]
66	[bos] 35 [eos]
25	[bos] 66 [eos]
4566 2080 1 251 63 13176 1931	[bos] 353 353 68 1 63 353 253 [eos]
6251 5812	[bos] 8681 9667 [eos]
205 11113	[bos] 7572 205 [eos]
66	[bos] 35 [eos]
4436 26 11255 3589 16299 203 1581	[bos] 26 375 253 365 370 365 141 [eos]
35	[bos] 40 [eos]
35388 1 39 105 5 37 186 77 54 36	[bos] 1 5 37 186 77 54 36 228 54 36 [eos]
11387 1019	[bos] 6345 8051 2469 [eos]
5036 16148 1502 163	[bos] 25 [eos]
5968 5798	[bos] 7605 7362 [eos]
752 13 10103	[bos] 27 3019 1412 [eos]
19728	[bos] 10398 9277 [eos]
5645 17076	[bos] 262 [eos]
15252 17880 11727	[bos] 66 [eos]
373	[bos] 373 [eos]
111 12151 30 34171	[bos] 111 30 32 1030 [eos]
6870 5800	[bos] 4830 91 [eos]
25	[bos] 66 [eos]
13617	[bos] 25 [eos]
25	[bos] 66 [eos]
23913 32167	[bos] 1879 1879 [eos]
66	[bos] 35 [eos]
17557 26106 21567 71 17468	[bos] 66 [eos]
2377	[bos] 275 464 464 823 [eos]
200 10 6523	[bos] 200 10 25 [eos]
35325 21692	[bos] 1649 1649 [eos]
9839	[bos] 8641 [eos]
66	[bos] 35 [eos]
5086 554 1531	[bos] 4631 [eos]
15331	[bos] 1412 [eos]
19804 13672 16577	[bos] 66 [eos]
8233 9668	[bos] 722 643 [eos]
3994 27907 1863 994 3139 233 564	[bos] 235 464 25 [eos]
593 378 1167 29375 11 736 804	[bos] 25 [eos]
20434 21256 5013	[bos] 25 [eos]
232 30 32 189 24231	[bos] 232 30 32 189 253 [eos]
4685 4575	[bos] 4118 3902 [eos]
66	[bos] 35 [eos]
66	[bos] 35 [eos]
8781 10613 15309 19023 71	[bos] 274 704 51 92 453 [eos]
40	[bos] 92 [eos]
25	[bos] 66 [eos]
176 51	[bos] 176 [eos]
66	[bos] 35 [eos]
12723 2813 60 57	[bos] 1649 2980 281 [eos]
25	[bos] 66 [eos]
3797 3974	[bos] 5979 5562 [eos]
6523	[bos] 25 [eos]
2422 5346 31722 1456 5618 544	[bos] 66 [eos]
200 10 18270 9052	[bos] 200 10 10 25 [eos]
14651	[bos] 92 [eos]
2328 553 35123 22543 611	[bos] 40 [eos]
13187 3054 124	[bos] 1649 124 1649 [eos]
0 9561	[bos] 0 3547 [eos]
22248 5385 16255 18980 18756	[bos] 25 [eos]
25571 21276 13379	[bos] 25 [eos]
11398	[bos] 66 [eos]
3533	[bos] 4550 [eos]
1 98 587 19769 373 198 580 34 135	[bos] 74 176 587 49 449 2140 587 1162 [eos]
35	[bos] 40 [eos]
25	[bos] 66 [eos]
66	[bos] 35 [eos]
1026 6098 3077 3420 1050	[bos] 66 [eos]
19	[bos] 4 [eos]
4795	[bos] 2980 [eos]
118 11182 173 780 12236	[bos] 118 [eos]
23062	[bos] 28468 [eos]
25	[bos] 66 [eos]
8946 7638 24 4167	[bos] 7235 7235 2 1149 4274 [eos]
6873 6343	[bos] 6650 6874 [eos]
846 470 21	[bos] 846 21 1162 [eos]
17059	[bos] 11407 [eos]
84 21050 48 63 47	[bos] 84 48 491 155 47 [eos]
28319	[bos] 66 [eos]
9393	[bos] 66 [eos]
5544 31303 3489	[bos] 25 [eos]
60 4612 57	[bos] 2229 2981 60 57 [eos]
415 31171 7158 34066 545 16978	[bos] 415 2983 5758 25 [eos]
11406	[bos] 4585 [eos]
16611 1318	[bos] 10133 6772 [eos]
116 3088	[bos] 6255 6075 [eos]
9273 9666	[bos] 6345 7207 [eos]
16417 2802 798	[bos] 2604 798 2604 [eos]
13120 16929 2353 60 57 11137	[bos] 3362 [eos]
4619 2813	[bos] 66 [eos]
381 6008 12754 14570	[bos] 40 [eos]
5635	[bos] 3544 [eos]
2148 19 2942	[bos] 19 476 476 [eos]
1144 3 1039 942	[bos] 1144 1144 3744 [eos]
5986 8993 10356	[bos] 25 [eos]
28 133 271 2290 6969 17854 636 33 141 903	[bos] 28 133 704 191 2 191 271 2832 203 323 [eos]
11453 6129	[bos] 6805 6716 [eos]
23630	[bos] 25 [eos]
13617	[bos] 25 [eos]
25	[bos] 66 [eos]
2643 25978 224	[bos] 41 25 66 [eos]
48 249 29059 47	[bos] 4612 691 48 2674 [eos]
35	[bos] 40 [eos]
2935	[bos] 2488 [eos]
35	[bos] 40 [eos]
14619 89	[bos] 89 9 [eos]
2224 13676 60 57	[bos] 2788 25 60 57 [eos]
2437 2363 18355 145	[bos] 2353 613 281 [eos]
6419	[bos] 35 [eos]
25	[bos] 66 [eos]
6659 7622	[bos] 7217 6982 [eos]
6633 3773 2360	[bos] 235 846 643 [eos]
13070 0	[bos] 0 16283 [eos]
35	[bos] 40 [eos]
35	[bos] 40 [eos]
20015 63 1144 3744	[bos] 63 2734 1144 1144 [eos]
3184 7792 80 182 646 18029 11 3081	[bos] 3184 20329 80 182 646 31011 11 20329 [eos]
520 61 163	[bos] 83 63 7364 [eos]
9234 1371 8 31221 62	[bos] 25 [eos]
40	[bos] 92 [eos]
17205 75 12 27006	[bos] 235 78 66 2911 [eos]
29810	[bos] 35 [eos]
2636 1105 1092 3985 3250 3168 527 10553 13855 11 851 11790	[bos] 1746 3909 1746 3909 3909 3909 182 3909 234 646 11 2498 [eos]
5469 4928	[bos] 27 281 [eos]
3285 4711	[bos] 304 46 4639 [eos]
444 93 6465 215 33 534 1306	[bos] 41 93 215 6668 [eos]
25	[bos] 66 [eos]
6256 6076	[bos] 4231 4014 [eos]
35	[bos] 40 [eos]
4483	[bos] 25 [eos]
12072 3208 2725	[bos] 25 [eos]
25	[bos] 66 [eos]
8135 15303	[bos] 8135 6976 5701 [eos]
2740	[bos] 2740 12135 [eos]
21571	[bos] 66 [eos]
16936	[bos] 176 [eos]
1799	[bos] 127 [eos]
25	[bos] 66 [eos]
5706 5561	[bos] 4574 5063 [eos]
6506	[bos] 66 [eos]
8128 24073 815	[bos] 25 [eos]
3425	[bos] 3386 [eos]
18606 19979 29002	[bos] 35 [eos]
4 5888	[bos] 1479 4 [eos]
4587 733 1575 1187	[bos] 274 [eos]
12354 6954 581 14400	[bos] 28438 28438 28438 28438 [eos]
40	[bos] 92 [eos]
25	[bos] 66 [eos]
72 13734	[bos] 72 66 [eos]
35	[bos] 40 [eos]
6656 7210	[bos] 7610 7365 [eos]
11408	[bos] 9236 [eos]
4015 4117	[bos] 6350 6879 [eos]
3184 80 16896 182 30094 646 11 3081	[bos] 3184 20329 80 182 646 31011 11 20329 [eos]
11116 727	[bos] 727 9618 727 [eos]
3837	[bos] 66 [eos]
33537	[bos] 66 [eos]
73 128 8 151	[bos] 2 128 50 [eos]
9665 9275	[bos] 10389 6668 [eos]
17060	[bos] 25 [eos]
281	[bos] 66 [eos]
17255	[bos] 6881 6668 [eos]
5296 7220	[bos] 5706 5561 [eos]
10640	[bos] 9840 [eos]
11926	[bos] 66 [eos]
40	[bos] 92 [eos]
66	[bos] 35 [eos]
358	[bos] 281 [eos]
66	[bos] 35 [eos]
4 1360	[bos] 13 [eos]
25	[bos] 66 [eos]
13885	[bos] 25 [eos]
140 118 2610 3667 14 2 65 396 20	[bos] 140 118 991 991 296 2 5 123 [eos]
6476	[bos] 66 [eos]
7 13377 21195	[bos] 7 66 66 [eos]
0 14341	[bos] 0 2788 [eos]
35	[bos] 40 [eos]
66	[bos] 35 [eos]
25	[bos] 66 [eos]
9317 1 1060 293 9196 767	[bos] 68 1 293 2015 767 767 [eos]
23635	[bos] 92 [eos]
5706 5561	[bos] 4574 5063 [eos]
358	[bos] 281 [eos]
15848 3415	[bos] 35 [eos]
25136 1127 855 165	[bos] 25 [eos]
2059 25245	[bos] 66 [eos]
2022 8398	[bos] 2022 3435 12135 [eos]
20485	[bos] [eos]
281	[bos] 66 [eos]
60 372 57 3427 16 3710	[bos] 995 209 209 181 131 1015 [eos]
189 12665 156 30	[bos] 189 25 35 35 [eos]
1276 4554 175 2367 68 1 1927 4796 1427 5818 919 1351 2886 2336 33 14872 4895	[bos] 25 [eos]
66	[bos] 35 [eos]
4647	[bos] 25 [eos]
3544 1 60 524 3 57	[bos] 60 1 999 57 60 5978 [eos]
72	[bos] 17 [eos]
9260	[bos] 66 [eos]
25	[bos] 66 [eos]
6 20388 135	[bos] 6 564 [eos]
5696 5300	[bos] 281 [eos]
10802 3415 9805	[bos] 35 [eos]
25	[bos] 66 [eos]
40	[bos] 92 [eos]
35	[bos] 40 [eos]
6259 6074	[bos] 5474 5294 [eos]
60 2402 57 3626 987 2057 887	[bos] 2981 60 2788 2981 169 60 57 [eos]
184 1149 416 15494 253	[bos] 184 1149 416 253 78 416 [eos]
9063 8230	[bos] 5130 5694 [eos]
4208	[bos] 3955 [eos]
16598	[bos] 25 [eos]
1846	[bos] 175 [eos]
13439 22013	[bos] 66 [eos]
9485 12 11646 2469	[bos] 25 [eos]
40	[bos] 92 [eos]
5062 4274	[bos] 4119 3901 [eos]
35	[bos] 40 [eos]
19665 58 841 20174 20803 449	[bos] 58 449 1162 1162 [eos]
6984 7620	[bos] 6255 6075 [eos]
13629	[bos] 66 [eos]
3113 1973 599 2654 1149 12068 1219 770	[bos] 38 1961 1961 813 1961 1149 416 253 [eos]
4509 7 10283 1827 1224	[bos] 353 7 215 215 4585 [eos]
4743 7516	[bos] 2604 2604 9076 [eos]
11455 19703 1764	[bos] 66 [eos]
6461	[bos] 9538 [eos]
10738 188 7	[bos] 24 2 78 [eos]
35	[bos] 40 [eos]
66	[bos] 35 [eos]
5042 708 1535 22 288	[bos] 25 [eos]
25	[bos] 66 [eos]
3594 4230	[bos] 5060 4747 [eos]
6744 878 9979 4768 1793	[bos] 3400 6659 9672 57 281 [eos]
24529	[bos] 66 [eos]
626 232 285 1182 22787 949 673 225 121 811 20636 675	[bos] 626 232 285 1182 225 673 121 811 225 121 811 949 673 [eos]
2445	[bos] 1033 [eos]
10351 7602	[bos] 122 122 [eos]
6984 7620	[bos] 6255 6075 [eos]
25	[bos] 66 [eos]
759 26554 38 528	[bos] 38 1656 528 [eos]
40	[bos] 92 [eos]
23671	[bos] 17093 [eos]
33 857 6788	[bos] 33 1879 6881 6668 [eos]
28157 8007 218	[bos] 25 [eos]
6878 6078	[bos] 6079 6532 [eos]
8425 5820 2721 989 993	[bos] 3544 60 3544 57 9340 [eos]
81 5944 18826	[bos] 5943 5943 217 35 25 [eos]
25	[bos] 66 [eos]
25	[bos] 66 [eos]
2573 10 289 2241 4980 1911	[bos] 2604 68 10 262 9 373 [eos]
25	[bos] 66 [eos]
1033	[bos] 25 [eos]
16194	[bos] 35 [eos]
17942 611	[bos] 381 1071 [eos]
632 10416 56	[bos] 632 1649 56 [eos]
92	[bos] 25 [eos]
200 59 32445 2235	[bos] 200 72 25 [eos]
2067 25999 9005	[bos] 66 [eos]
3507 19	[bos] 19 476 [eos]
24071 12580	[bos] 6881 6668 [eos]
3661 8490 8 8745 9156 8855 8414	[bos] 35 [eos]
25	[bos] 66 [eos]
676	[bos] 616 [eos]
5467 24011	[bos] 92 [eos]
5698 5301	[bos] 6535 6080 [eos]
17253 1570	[bos] 1570 1570 [eos]
5698 5301	[bos] 6535 6080 [eos]
19919	[bos] 1646 [eos]
3172 14224 10243 12890 3092 7021 3718 3364 15076 10316 7131 9841 13817 7418 9915 9433 2095	[bos] 66 [eos]
3386	[bos] 6 140 3742 [eos]
12540	[bos] 25 [eos]
3384 13641 456 11696 2594 89	[bos] 25 [eos]
19964	[bos] 12544 [eos]
2980 169 17397	[bos] 3362 [eos]
233	[bos] 2 [eos]
22955 7741	[bos] 92 [eos]
59	[bos] 17 [eos]
121 394 30087	[bos] 121 394 31011 [eos]
5136 5471	[bos] 5059 4929 [eos]
4486	[bos] 92 [eos]
11043 4576 7	[bos] 25 [eos]
1122 1698 33520 2714	[bos] 263 66 35 66 [eos]
14403 2491 25384	[bos] 5 5 9 [eos]
4270 4370	[bos] 3594 4230 [eos]
1602 10395 9896 10068 10466	[bos] 25 [eos]
5804 5970	[bos] 1479 656 [eos]
1436 13544 6102 33382 1689 1350 6845 14054 11 6174 667 6967 12600 11984	[bos] 25 [eos]
71 3234	[bos] 9 5111 [eos]
5290 1227 3428 492	[bos] 26 122 361 575 [eos]
30583	[bos] 25 [eos]
35	[bos] 40 [eos]
21405 8192 4452 10873 5426	[bos] 25 [eos]
20641 31524	[bos] 25 [eos]
14835	[bos] 1412 [eos]
20697	[bos] 2902 [eos]
256 441 999 3 8 235 592	[bos] 630 630 3 630 630 630 630 [eos]
4646	[bos] 4647 [eos]
84 48 1701 11765 47	[bos] 84 48 1701 1701 47 [eos]
17920 78	[bos] 855 165 [eos]
4015 4117	[bos] 6350 6879 [eos]
6568	[bos] 1646 [eos]
1214 20228 1370 539 4337 532	[bos] 1214 803 539 2225 1071 532 [eos]
16156 538 16199 728	[bos] 538 538 3114 25 [eos]
20187 24379 405 39 447 929 8437 359 14416 15706 178	[bos] 66 [eos]
4685 4575	[bos] 4118 3902 [eos]
2355 3334 6964 2446 650 204 17429 1728 11965	[bos] 798 3475 3475 3475 3475 3475 3475 3475 3475 [eos]
358	[bos] 281 [eos]
40	[bos] 92 [eos]
5133 4964 24891 1933 30588	[bos] 66 [eos]
8652 846 7551	[bos] 846 21 25 [eos]
3483 116 26242	[bos] 3400 664 116 [eos]
66	[bos] 35 [eos]
40	[bos] 92 [eos]
4272 4533	[bos] 6658 7621 [eos]
1196	[bos] 66 [eos]
5515 17163 13027 24 2 56	[bos] 25 [eos]
40	[bos] 92 [eos]
676	[bos] 616 [eos]
40	[bos] 92 [eos]
22241 67 17770	[bos] 4612 91 [eos]
4566 365 772 1561 33900 813 8613	[bos] 365 1149 78 78 78 78 813 [eos]
35	[bos] 40 [eos]
248 877 5 0 548 35146 921 27844	[bos] 877 5 0 877 877 5 0 921 [eos]
1294 581 14799	[bos] 7471 [eos]
4033 4 8943 24079	[bos] 25 [eos]
18017 3 844 12253	[bos] 3 9 54 544 [eos]
543 32130 14453 3085	[bos] 543 66 66 66 [eos]
132 9039	[bos] 132 5170 [eos]
6659 7622	[bos] 7217 6982 [eos]
7367 8062	[bos] 4686 4273 [eos]
765 218 207 727 1645 33110 2023 1326 7481 4045	[bos] 218 218 207 207 207 207 218 831 287 25 [eos]
35	[bos] 40 [eos]
9297 1030 34001 2019 1036 694 1842 178	[bos] 25 [eos]
71	[bos] 9 [eos]
21959 2189 608 1607 21032	[bos] 25 [eos]
1838 11111 124	[bos] 1838 92 124 [eos]
8055 7759	[bos] 4750 5057 [eos]
15471 2981 60 57 10611	[bos] 25 [eos]
8050 7753	[bos] 5933 217 [eos]
24311 185	[bos] 25 [eos]
2569 17612 26908 452 365 19530 141 1492 1561 9794 684 443	[bos] 15 25 25 25 [eos]
40	[bos] 92 [eos]
23037 263 24827	[bos] 21028 263 263 [eos]
15629	[bos] 66 [eos]
200	[bos] 200 43 81 116 464 203 200 200 200 200 200 200 200 200 200 81 43 43 [eos]
358	[bos] 281 [eos]
22161 24210	[bos] 66 [eos]
2772	[bos] 3114 [eos]
4272 4533	[bos] 6658 7621 [eos]
25	[bos] 66 [eos]
66	[bos] 35 [eos]
2746 116 10333	[bos] 116 17350 116 [eos]
25	[bos] 66 [eos]
25	[bos] 66 [eos]
6506 6390	[bos] 66 [eos]
25	[bos] 66 [eos]
6319 6772	[bos] 7714 7888 [eos]
2157 141 4099	[bos] 141 8007 1838 [eos]
11365	[bos] 5569 [eos]
3822 5937	[bos] 25 [eos]
92	[bos] 25 [eos]
35	[bos] 40 [eos]
1729 8	[bos] 8 8 [eos]
18781 3075	[bos] 25 [eos]
40	[bos] 92 [eos]
297	[bos] 217 216 297 1453 217 85 [eos]
98 1292 142 2581	[bos] 127 19 8 704 [eos]
4015 4117	[bos] 6350 6879 [eos]
0 4514 3216	[bos] 0 66 66 66 [eos]
33 63 1892 180	[bos] 33 2992 9672 180 [eos]
68 16825 370 2867 2563 375	[bos] 798 3475 3475 2911 225 101 [eos]
181 1182 739 1016 22997 762 225 397 32889 811 763 318	[bos] 181 1182 739 762 225 397 811 739 4612 318 6668 318 [eos]
6064 32509	[bos] 66 [eos]
12540	[bos] 25 [eos]
6535 6080	[bos] 5 [eos]
447 359	[bos] 1479 2197 [eos]
5823	[bos] 81 6649 [eos]
11814 59 1321 12297	[bos] 25 [eos]
22163 7479	[bos] 2788 66 [eos]
2563	[bos] 5420 [eos]
40	[bos] 92 [eos]
410 15088 13265 25856	[bos] 410 3308 3256 410 [eos]
66	[bos] 35 [eos]
40	[bos] 92 [eos]
676	[bos] 616 [eos]
281	[bos] 66 [eos]
26303	[bos] 35 [eos]
25	[bos] 66 [eos]
2224 60 57	[bos] 2788 60 57 [eos]
12247 27 752	[bos] 1329 27 66 [eos]
6533 6348	[bos] 5468 5299 [eos]
3280	[bos] 1589 [eos]
25	[bos] 66 [eos]
7956 1321 19778	[bos] 25 [eos]
6973 7205	[bos] 5211 5128 [eos]
35	[bos] 40 [eos]
5696 5300	[bos] 281 [eos]
837 124 16427	[bos] 837 124 155 [eos]
92	[bos] 25 [eos]
25805 116 2695	[bos] 116 2930 2930 [eos]
752 27	[bos] 13 2471 [eos]
25124 1127 855 165	[bos] 92 [eos]
8640	[bos] 12540 [eos]
35	[bos] 40 [eos]
21506 23017 23166	[bos] 25 [eos]
28615	[bos] 66 [eos]
358	[bos] 281 [eos]
6928 6814 6648	[bos] 4503 4431 4546 [eos]
93 8391	[bos] 93 25 [eos]
6656 7210	[bos] 7610 7365 [eos]
20698	[bos] 281 [eos]
35	[bos] 40 [eos]
2690 16987 3256 3308	[bos] 11900 6089 11459 11459 [eos]
25	[bos] 66 [eos]
5131 5214	[bos] 4270 4370 [eos]
23666 2882	[bos] 66 [eos]
2757 2588 2030 13487 1194	[bos] 15 25 704 66 66 [eos]
15806	[bos] 66 [eos]
281	[bos] 66 [eos]
35	[bos] 40 [eos]
7388 7493 9732 8123 19179 10585	[bos] 25 [eos]
72	[bos] 17 [eos]
40	[bos] 92 [eos]
14833	[bos] 66 [eos]
4530 3335 2785 4506 4536 1993 13 4006 1241 129 4467 648 5490 4462 5541 3111 662 9 768	[bos] 66 [eos]
34662 194 33 9588 56	[bos] 8803 9197 8 2469 4370 2469 [eos]
5979 5562	[bos] 25 [eos]
12821 3808 28 18662 3227 1274 3896 458 18557 3784 1938 15881 24798 18825 14913 18989	[bos] 345 28 2076 345 311 328 345 328 25 281 25 66 25 1649 66 66 [eos]
10481 525	[bos] 1646 3114 [eos]
154 13176 7 12	[bos] 154 12 7 26 [eos]
12664 394 80	[bos] 626 394 626 [eos]
3742	[bos] 3837 [eos]
40	[bos] 92 [eos]
40	[bos] 92 [eos]
40	[bos] 92 [eos]
28 10707 2365 553 3155 3667 8604	[bos] 88 567 2076 553 66 2328 66 [eos]
6 62 2772	[bos] 6 62 3114 [eos]
92	[bos] 25 [eos]
8641	[bos] 9838 [eos]
3661 8490 9156 8745 8855 8414	[bos] 35 [eos]
4685 4575	[bos] 4118 3902 [eos]
388 1480 6377 447 653 583 1583 523 11633 14814 4597 359 7024 89 3424	[bos] 653 109 538 [eos]
16593 13726	[bos] 92 [eos]
40	[bos] 92 [eos]
5635	[bos] 3544 [eos]
1680 4 11046	[bos] 235 13 2080 [eos]
7524	[bos] 66 [eos]
92	[bos] 25 [eos]
92	[bos] 25 [eos]
3642	[bos] 6892 [eos]
21792 10	[bos] 25 [eos]
2838 20493 2809 2331	[bos] 25 [eos]
11 3732 23495	[bos] 11 1663 127 [eos]
25	[bos] 66 [eos]
16588 6523	[bos] 92 [eos]
2058	[bos] 40 [eos]
7610 7365	[bos] 9061 5556 [eos]
1015 664 61 8567	[bos] 26 25 375 25 [eos]
25210 2365 2380	[bos] 1649 92 1649 [eos]
4118 3902	[bos] 4276 4531 [eos]
40	[bos] 92 [eos]
4647 10634	[bos] 11900 6668 [eos]
612 29721 56	[bos] 612 4461 12576 5101 1024 [eos]
9892 11185	[bos] 6886 6665 [eos]
7932 7833 8401 8888 8351 8949 15065 8533 1227 9171 8913 8660 8472 8973 8558	[bos] 66 [eos]
12800	[bos] 464 [eos]
67 7958	[bos] 91 1162 [eos]
14 22890 8395	[bos] 5 14 35 [eos]
3780 15949 5491 1734 5942 7397	[bos] 25 [eos]
7714 7888	[bos] 8135 3805 [eos]
9527 12223 405	[bos] 10034 3201 3201 [eos]
6419	[bos] 35 [eos]
676	[bos] 616 [eos]
6 3955 32728	[bos] 6 3216 3216 [eos]
92	[bos] 25 [eos]
18964 11997 28837	[bos] 66 [eos]
8918 10372 8382 698 10630	[bos] 2788 4830 281 281 [eos]
25	[bos] 66 [eos]
7217 6982	[bos] 5293 5473 [eos]
25	[bos] 66 [eos]
13782 184 253 1149	[bos] 8051 78 9951 25 [eos]
66	[bos] 35 [eos]
281	[bos] 66 [eos]
21164	[bos] 66 [eos]
21	[bos] 58 [eos]
66	[bos] 35 [eos]
9009 10835	[bos] 66 [eos]
5188 12445 13933 12122 25059	[bos] 92 [eos]
181 14122 13733 1182 1016 739 762 225 397 811 763 318	[bos] 181 1182 739 762 225 397 811 66 281 575 318 318 [eos]
6188	[bos] 4494 [eos]
35	[bos] 40 [eos]
8527 8002 9436 5216	[bos] 35 [eos]
7469 16323 873	[bos] 66 [eos]
6666 7216	[bos] 5567 5699 [eos]
2353 60 57	[bos] 2229 60 57 [eos]
3573 6852 1469 1758	[bos] 1175 464 1175 1175 [eos]
13927 63	[bos] 63 133 [eos]
40	[bos] 92 [eos]
13255 9823 545 1976 12079	[bos] 25 [eos]
86 32862	[bos] 25 [eos]
27212 4044 2469	[bos] 5596 5596 [eos]
7618 6988	[bos] 5305 5697 [eos]
5293 5473	[bos] 4272 4533 [eos]
17561	[bos] 209 [eos]
25	[bos] 66 [eos]
11394 35305 1890 2665 1375 9686	[bos] 25 [eos]
40	[bos] 92 [eos]
3955	[bos] 3216 [eos]
9957 14812	[bos] 1879 25 [eos]
66	[bos] 35 [eos]
8233 9668	[bos] 722 643 [eos]
6533 6348	[bos] 5468 5299 [eos]
27818 1386	[bos] 1386 1386 [eos]
1457 14139	[bos] 1457 2197 [eos]
35	[bos] 40 [eos]
1434 34451	[bos] 66 [eos]
9524 9369 178	[bos] 6805 6716 78 [eos]
18574 5416	[bos] 274 66 [eos]
1955 20140	[bos] 25 [eos]
6537 17 7303	[bos] 66 [eos]
5469 4928	[bos] 27 281 [eos]
4653 26475	[bos] 4093 25 [eos]
967 27360	[bos] 25 [eos]
11635	[bos] 66 [eos]
54 1428 21165 3477	[bos] 181 66 66 66 [eos]
25	[bos] 66 [eos]
200 865	[bos] 200 25 [eos]
1 21226 16651 1108 9625	[bos] 1 25 25 25 25 [eos]
35	[bos] 40 [eos]
5973 5134	[bos] 6349 7213 [eos]
25	[bos] 66 [eos]
9852 3838 370	[bos] 11710 11710 370 [eos]
7421 1200 2825 26463 26156 8 24090 24867 4942 10083 4 23661 11786	[bos] 14537 14537 14537 14537 14537 8 656 [eos]
18539	[bos] 16275 [eos]
23630	[bos] 25 [eos]
7208 6651	[bos] 6344 6871 [eos]
281	[bos] 66 [eos]
25	[bos] 66 [eos]
5250 193 259 31557 173 17479 5194 333 172 760 26972 123	[bos] 613 25 23 173 25 25 1213 659 [eos]
4750	[bos] 8514 520 6251 5812 [eos]
25	[bos] 66 [eos]
4270 4370	[bos] 3594 4230 [eos]
5969 5288	[bos] 5968 5798 [eos]
35	[bos] 40 [eos]
23695 5416	[bos] 9 35 [eos]
281	[bos] 66 [eos]
28 218	[bos] 28 218 [eos]
23 294 32 100 189 225 325 146 228 30182 171	[bos] 23 294 32 674 100 394 189 225 325 146 1653 [eos]
25	[bos] 66 [eos]
35	[bos] 40 [eos]
281	[bos] 66 [eos]
11915 13948 3 93 16894 17251 13843 440 11552 14648 79 1180 14800 16405 69 12832	[bos] 14928 345 3 93 25 66 1180 281 281 25 66 66 66 281 [eos]
58 449 1162 22856	[bos] 58 449 1162 1162 [eos]
2676	[bos] 5116 [eos]
4685 4575	[bos] 4118 3902 [eos]
248 914 14457 3957 2993 1916 1766 3547 3051	[bos] 92 [eos]
5131 5214	[bos] 4270 4370 [eos]
2342 8546 6894 3811 271	[bos] 1879 35 209 209 704 [eos]
358	[bos] 281 [eos]
19078	[bos] 35 [eos]
5236	[bos] 825 [eos]
11709 473 12132	[bos] 35 [eos]
17013 15991	[bos] 6319 6772 [eos]
2992	[bos] 3218 [eos]
7513 26848	[bos] 6461 [eos]
13014 56	[bos] 25 [eos]
92	[bos] 25 [eos]
59	[bos] 17 [eos]
1646	[bos] 17093 [eos]
84 48 16920 47	[bos] 84 48 18865 47 [eos]
1317 15830 81 7082	[bos] 46 81 1357 81 1357 81 1357 81 1357 41 81 1357 122 [eos]
26854	[bos] 40 [eos]
92	[bos] 25 [eos]
5980 5291	[bos] 4749 4861 [eos]
370 2027 28	[bos] 370 575 28 2027 575 [eos]
26073	[bos] 66 [eos]
3402 11903 17795 56	[bos] 1467 9687 12 56 [eos]
140 12 6689 6 2 31376 32929	[bos] 140 12 262 49 [eos]
29708	[bos] 66 [eos]
35	[bos] 40 [eos]
7729 12505 10 16680 15290	[bos] 131 68 10 25 25 [eos]
881 2060 234	[bos] 28701 1162 361 [eos]
25	[bos] 66 [eos]
8435 67 2470	[bos] 8435 846 88 [eos]
281	[bos] 66 [eos]
0 8438 3376	[bos] 0 25 281 [eos]
154 64 1151	[bos] 154 10 13 [eos]
5972 5564	[bos] 5565 10677 [eos]
66	[bos] 35 [eos]
358	[bos] 281 [eos]
333 34683	[bos] 4768 66 [eos]
66	[bos] 35 [eos]
3299	[bos] 7841 [eos]
6873 6343	[bos] 6650 6874 [eos]
23180	[bos] 1570 [eos]
452 365 9445	[bos] 365 28 7861 [eos]
358	[bos] 281 [eos]
33 260 180 4349	[bos] 33 260 33 4599 [eos]
550	[bos] [eos]
4639	[bos] 5015 [eos]
15478 2919	[bos] 2919 [eos]
2167 353 28 1 1701 1405 9030	[bos] 353 353 28 1 1701 1701 5101 [eos]
3744	[bos] 2734 [eos]
3972 3798	[bos] 5566 5975 [eos]
2224 8323 60 57	[bos] 2788 60 2788 60 [eos]
66	[bos] 35 [eos]
16224	[bos] 66 [eos]
92	[bos] 25 [eos]
18417 29	[bos] 25 [eos]
7715 7890	[bos] 5596 25 6772 [eos]
35	[bos] 40 [eos]
25	[bos] 66 [eos]
23504 4335	[bos] 5002 15935 [eos]
616	[bos] 1033 [eos]
5211 5128	[bos] 7751 8049 [eos]
8709 7858 391 10 1642 1915 5	[bos] 391 613 391 613 10 2980 2980 [eos]
6417 2857 11124 467	[bos] 72 72 765 765 [eos]
26 24000 430 9878 8478	[bos] 26 430 430 430 1015 [eos]
5023 19694 520 1164 1830	[bos] 66 [eos]
116 6869 3088	[bos] 116 6869 2821 [eos]
9352 24717	[bos] 25 [eos]
205 7573	[bos] 195 [eos]
35	[bos] 40 [eos]
13782	[bos] 7750 [eos]
92	[bos] 25 [eos]
4	[bos] 13 [eos]
6655 7608	[bos] 40 [eos]
21137	[bos] 66 [eos]
22635 13269 7374 63 380 2519 14545 24694	[bos] 66 [eos]
30100 13800	[bos] 66 [eos]
6256 6076	[bos] 4231 4014 [eos]
33426	[bos] 281 [eos]
5823	[bos] 81 6649 [eos]
6439 31232	[bos] 6439 2980 [eos]
10 18024	[bos] 43 2112 [eos]
4503 4431 4546	[bos] 4432 4642 13 [eos]
1872 1372 18766 135	[bos] 92 [eos]
238 22785 20627 4155 121 11 3658 886	[bos] 238 25 238 155 92 155 92 155 [eos]
2664 8904 6185 11334	[bos] 66 [eos]
10 8343 10954 9313	[bos] 10 66 66 66 [eos]
35	[bos] 40 [eos]
14999 1675	[bos] 92 [eos]
7756 9070	[bos] 5980 5291 [eos]
60 2723 57 8441 7451	[bos] 60 25 281 281 281 [eos]
5129 5465	[bos] 66 [eos]
40	[bos] 92 [eos]
26 1 6187 7 53 163 300	[bos] 26 1 122 7 234 7 215 [eos]
31687 3842	[bos] 2685 3934 [eos]
59 12925	[bos] 72 66 [eos]
0 13076	[bos] 0 127 [eos]
27635 4335	[bos] 5002 15935 [eos]
24965 6134	[bos] 25 [eos]
25	[bos] 66 [eos]
3816	[bos] 3358 [eos]
7610 7365	[bos] 9061 5556 [eos]
16594 10680	[bos] 1675 1675 [eos]
35	[bos] 40 [eos]
25	[bos] 66 [eos]
40	[bos] 92 [eos]
40	[bos] 92 [eos]
358	[bos] 281 [eos]
9 923 16	[bos] 9 [eos]
9901 554 1101 31954 380 4725 2519 8223 3606 5754 786 163 33 1353	[bos] 293 25 1060 25 6716 1060 25 6668 2 25 675 253 163 [eos]
859 1989	[bos] 25 [eos]
4599	[bos] 5802 1461 4014 [eos]
11271 11371 8115 20892	[bos] 66 [eos]
18161 813 196	[bos] 66 [eos]
92	[bos] 25 [eos]
25	[bos] 66 [eos]
34985	[bos] 4466 [eos]
17089	[bos] 25 [eos]
92	[bos] 25 [eos]
10325 124	[bos] 68 4685 [eos]
4653 18629	[bos] 40 [eos]
17221 22218	[bos] 6527 5801 [eos]
10678 11187	[bos] 353 253 [eos]
2902 7443 27871 27460 8237	[bos] 2902 7443 7443 2902 6846 [eos]
26712	[bos] 81 35 35 [eos]
32755 455 7132 13062	[bos] 2022 35 66 [eos]
1019 6942	[bos] 1019 6942 [eos]
2058	[bos] 40 [eos]
5706 5561	[bos] 4574 5063 [eos]
19790 2729 2226 6 6029	[bos] 40 [eos]
11 313 1028 8181	[bos] 11 313 1028 7 [eos]
140 296 12028 9554 8 45 2 27250 11156 4926 7650	[bos] 140 296 296 8 8 456 127 0 191 1024 123 [eos]
24962	[bos] 66 [eos]
21837	[bos] 66 [eos]
7370 8057	[bos] 4631 [eos]
162 897 362 7571 837 124	[bos] 162 897 362 362 837 124 [eos]
25	[bos] 66 [eos]
16432 124 2976	[bos] 2597 162 1649 [eos]
17062	[bos] 66 [eos]
9293 516 12797	[bos] 13787 7 215 [eos]
5804 5970	[bos] 1479 656 [eos]
20503	[bos] 35 [eos]
35	[bos] 40 [eos]
134 226 229 1 42 3 95 75 24 79 2 65 11 115 20 69 76	[bos] 5 2 215 18 78 16 3201 16 3201 3201 3201 3201 3201 3201 3201 3201 3201 [eos]
25	[bos] 66 [eos]
6659 7622	[bos] 7217 6982 [eos]
676	[bos] 616 [eos]
304 15496 3234	[bos] 304 2637 2637 [eos]
4532 4277	[bos] 5977 5810 [eos]
35	[bos] 40 [eos]
158 8 14 24 2	[bos] 8 191 24 2 78 [eos]
0 3594 19313	[bos] 0 127 209 [eos]
27451 5917 6372 8395	[bos] 35 [eos]
23500 6583	[bos] 25 [eos]
6188	[bos] 4494 [eos]
92	[bos] 25 [eos]
25	[bos] 66 [eos]
9238 18351	[bos] 93 131 [eos]
16594 10680	[bos] 1675 1675 [eos]
11 13544 1436 19256	[bos] 11 35 35 35 [eos]
2527 2489 1615 1561 6141 10562 1301	[bos] 68 25 3216 25 25 25 25 [eos]
35	[bos] 40 [eos]
10794 381	[bos] 381 25 [eos]
45 12044	[bos] 45 66 [eos]
92	[bos] 25 [eos]
1570 9350	[bos] 1570 25 [eos]
45 10910	[bos] 45 3485 [eos]
39 5 869 11 1124	[bos] 5 5 262 11 4 [eos]
689 2968 8453 6393 380 7375 926 8824 9146 903 1301 1531 1298	[bos] 2022 2022 25 [eos]
35	[bos] 40 [eos]
6251 5812	[bos] 8681 9667 [eos]
590	[bos] 25 [eos]
35	[bos] 40 [eos]
7889 8194	[bos] 5804 5970 [eos]
20485	[bos] [eos]
4503 0 4431 4546	[bos] 4432 4642 13 53 [eos]
83 80 182 29498 30992 246	[bos] 83 80 182 646 31011 246 [eos]
1570 17252	[bos] 1570 25 [eos]
590	[bos] 25 [eos]
132 0 9561	[bos] 132 0 3547 [eos]
6773 6941	[bos] 7715 7890 [eos]
30275 3997	[bos] 41 9856 [eos]
25	[bos] 66 [eos]
20754 146 394	[bos] 25 [eos]
2533 12046 1261 1087	[bos] 66 [eos]
294 1834 1240 3899	[bos] 28 66 2911 [eos]
415 20919 2983 12051 1184 684	[bos] 415 5420 449 1184 13962 13962 [eos]
2493 10538 3634 2191	[bos] 35 [eos]
281	[bos] 66 [eos]
4328 19332 10202 13825 10464	[bos] 25 [eos]
20458 497	[bos] 455 [eos]
25	[bos] 66 [eos]
317 2285 962	[bos] 206 25 25 [eos]
616	[bos] 1033 [eos]
1065 2415 9964 11291	[bos] 1065 35 35 35 [eos]
840 8178 446 123	[bos] 2 699 191 840 [eos]
5803 5971	[bos] 1435 1990 5563 [eos]
4093 17945	[bos] 4830 25 [eos]
25	[bos] 66 [eos]
25	[bos] 66 [eos]
5807	[bos] 7219 6662 [eos]
616	[bos] 1033 [eos]
19925	[bos] 274 [eos]
18538	[bos] 92 [eos]
16254 116 3241	[bos] 6881 6668 [eos]
40	[bos] 92 [eos]
7030 9366 1004 8822	[bos] 25 [eos]
481 196 614 17307 18634 420 731 375 1571	[bos] 6527 5801 196 2469 2674 5801 [eos]
5696 5300	[bos] 281 [eos]
3815	[bos] 3280 [eos]
13553 11435 11183	[bos] 10655 11184 63 [eos]
2445	[bos] 1033 [eos]
4335 14978	[bos] 2902 66 [eos]
9380 2 2399	[bos] 25 [eos]
183 100 21041	[bos] 183 100 146 [eos]
5130 5694	[bos] 5802 6245 [eos]
2637	[bos] 2772 [eos]
281	[bos] 66 [eos]
159 4	[bos] 159 4 [eos]
7164	[bos] 8640 [eos]
370	[bos] 370 26 361 [eos]
2460 10324 124	[bos] 6846 2460 124 [eos]
84 10682 638 48 6 47	[bos] 84 4687 155 544 48 491 [eos]
0 10261	[bos] 7535 0 [eos]
27846 3682	[bos] 66 [eos]
27417	[bos] 12551 [eos]
25	[bos] 66 [eos]
18470	[bos] 25 [eos]
6345 7207	[bos] 5693 4571 [eos]
6773 6941	[bos] 7715 7890 [eos]
358	[bos] 281 [eos]
3504 129 1241 14992	[bos] 129 129 55 2980 [eos]
26 133 899 7960 1076 163 33 141	[bos] 26 375 253 141 25 25 25 215 [eos]
25	[bos] 66 [eos]
277 895	[bos] 8 206 [eos]
14380	[bos] 66 [eos]
40	[bos] 92 [eos]
17053	[bos] 66 [eos]
10607 10922	[bos] 5525 7887 [eos]
2845 6319 6772	[bos] 2845 7714 116 50 [eos]
26415 124	[bos] 6345 124 [eos]
10021 11391 17069	[bos] 10540 10540 10540 [eos]
7045	[bos] 8 [eos]
3279	[bos] 1589 [eos]
25788	[bos] 66 [eos]
6667 6880	[bos] 6881 6668 [eos]
24341 315	[bos] 648 600 23177 [eos]
66	[bos] 35 [eos]
3594 4230	[bos] 5060 4747 [eos]
34803	[bos] 66 [eos]
25	[bos] 66 [eos]
415 2983 7158 312 16751 13545 545 684	[bos] 415 2983 5758 5016 [eos]
5688 3342 2582 4159 3055 251 8261 3351 1338 6459 718 43 389 234	[bos] 1649 215 40 1162 [eos]
26141	[bos] 66 [eos]
15982 289 81 18826	[bos] 262 81 304 825 81 253 [eos]
2387 19492	[bos] 2387 25 [eos]
25	[bos] 66 [eos]
4859 4278	[bos] 6252 5569 [eos]
1589	[bos] 4599 [eos]
25	[bos] 66 [eos]
24130 5985 6829 16	[bos] 25 [eos]
20953 10320 21799	[bos] 66 [eos]
21939 18311 20851	[bos] 25 [eos]
5972 5564	[bos] 5565 10677 [eos]
14088 6126	[bos] 4685 4575 [eos]
812 60 3 57 710 18 2799	[bos] 60 2353 3 57 18723 11600 25 [eos]
22094 12851 17609	[bos] 66 [eos]
10024 2224 60 57	[bos] 2788 2788 60 57 [eos]
66	[bos] 35 [eos]
5559 5703	[bos] 238 228 1033 [eos]
1033	[bos] 25 [eos]
17221 22218	[bos] 6527 5801 [eos]
14993	[bos] 6928 [eos]
121 12778 394	[bos] 121 92 238 [eos]
23908 965 9037 627 3999	[bos] 66 25 [eos]
84 48 21859 1650 47	[bos] 84 48 155 18 15935 [eos]
6760 1346 497	[bos] 25 [eos]
66	[bos] 35 [eos]
22010	[bos] 5306 5306 5306 5306 5306 5306 5306 5306 5306 25 304 5306 5306 5306 25 25 25 25 25 25
8058 7760	[bos] 6351 6882 [eos]
12714	[bos] 17542 [eos]
677 1890 266 7645 131 19085 2248 697 1375 312 7525 9267 2080 1379 4142 19126 1595 25030 152 26387 3621 1227 88 119 3317	[bos] 677 517 92 6648 [eos]
35	[bos] 40 [eos]
5314 6045	[bos] 66 [eos]
305 388 447 12923 6328 359 9525 89	[bos] 305 127 15 3310 15 228 89 16 [eos]
5061 4748	[bos] 4371 4271 [eos]
4272 4533	[bos] 6658 7621 [eos]
25	[bos] 66 [eos]
281	[bos] 66 [eos]
7367 8062	[bos] 4686 4273 [eos]
4532 4277	[bos] 5977 5810 [eos]
40	[bos] 92 [eos]
24054 116 2695	[bos] 116 2930 2930 [eos]
184 1149 416 14828 253	[bos] 184 1149 416 253 8 [eos]
129 3274 3504 34300	[bos] 129 129 129 25 [eos]
6751 312 13504 3655	[bos] 650 6814 32 1149 [eos]
492 28 14478 1222	[bos] 28 28 81 5596 [eos]
28 365 11150 1938 25878 22719	[bos] 28 365 365 [eos]
35	[bos] 40 [eos]
22990 19569 16084	[bos] 81 25 375 [eos]
7586	[bos] 1686 [eos]
31094	[bos] 25 [eos]
12 236 7	[bos] 15 236 32 236 [eos]
15576	[bos] 3594 449 449 449 449 [eos]
4574 5063	[bos] 6888 5807 [eos]
35	[bos] 40 [eos]
7535 0	[bos] 0 8948 2591 [eos]
4	[bos] 13 [eos]
20226	[bos] 2919 [eos]
66	[bos] 35 [eos]
5977 5810	[bos] 7618 6988 [eos]
21138 59 1721 1924	[bos] 846 88 704 8461 [eos]
1495 1839 6362 1258 10587	[bos] 8231 1839 1258 3192 3192 4756 [eos]
3064 658 15561 3079	[bos] 25 [eos]
9624	[bos] 8020 [eos]
35	[bos] 40 [eos]
7364 7611	[bos] 5803 5971 [eos]
66	[bos] 35 [eos]
15482	[bos] 25 [eos]
80 15960 182 156 17412	[bos] 80 182 31011 171 646 [eos]
4433 4858	[bos] 5698 5301 [eos]
4013 25638 12328	[bos] 1412 1412 1412 [eos]
35	[bos] 40 [eos]
1033	[bos] 25 [eos]
40	[bos] 92 [eos]
18425 5841	[bos] 2954 [eos]
3838	[bos] 11710 [eos]
653 14908 4393 382	[bos] 653 653 109 653 [eos]
6666 7216	[bos] 5567 5699 [eos]
2224 60 693 57	[bos] 2788 60 57 2788 [eos]
21571 497 28243	[bos] 2231 131 323 [eos]
6536 4515 3348 5811	[bos] 7761 1149 9 674 [eos]
358	[bos] 281 [eos]
25	[bos] 66 [eos]
0 3376	[bos] 0 3299 [eos]
35	[bos] 40 [eos]
785 330 893 32872	[bos] 66 [eos]
18853 22704 21	[bos] 251 1162 21 [eos]
16182 19582 23004	[bos] 16881 23003 23003 [eos]
749 14999 2476 3745 12922	[bos] 749 653 92 [eos]
6069 6872	[bos] 6980 8512 [eos]
3883 5519 1904 2048 11980	[bos] 1033 [eos]
92	[bos] 25 [eos]
1273 1626 802 10250 19032 1842	[bos] 235 826 8157 1071 1071 40 [eos]
20178 12928	[bos] 28701 281 [eos]
25	[bos] 66 [eos]
5036	[bos] 7170 [eos]
9061 5556	[bos] 8511 7754 [eos]
6 17058	[bos] 6 66 [eos]
27974 111 238 30086 285 121	[bos] 111 111 238 238 285 238 [eos]
11367 1617 15619 1805 39 4840 3006 869 54 13079	[bos] 287 3279 778 39 145 538 288 1485 744 262 [eos]
3303	[bos] 3649 [eos]
30 32 189 156 20622	[bos] 30 32 189 31011 156 [eos]
10114	[bos] 66 [eos]
209	[bos] 4 [eos]
590	[bos] 25 [eos]
7571 837 124	[bos] 2460 837 124 [eos]
281	[bos] 66 [eos]
1761 3813 17282 25671 8160	[bos] 464 152 5170 464 464 [eos]
21378	[bos] 25 [eos]
8 14 24 2 94	[bos] 8 24 [eos]
281	[bos] 66 [eos]
20394	[bos] 17462 [eos]
1033	[bos] 25 [eos]
5289 5466	[bos] 7208 6651 [eos]
17 7117 66	[bos] 17 7691 35 [eos]
281	[bos] 66 [eos]
4550 26941	[bos] 629 155 [eos]
1237 7 19704	[bos] 5306 6256 7 [eos]
14039	[bos] 8190 [eos]
91 1891	[bos] 846 21 [eos]
20093 2874 467 2362	[bos] 14097 129 5933 2225 [eos]
19836 17209	[bos] 66 [eos]
3375 661 4306	[bos] 661 661 35 [eos]
943 9003 4978	[bos] 943 943 943 [eos]
3284 802 811 11 433 3323	[bos] 826 802 36 1071 253 433 [eos]
13190 943 6752	[bos] 14537 [eos]
11043	[bos] 4483 [eos]
44 8522 1063 2964 1218 11042 19678 8145 78 16434 0 20676 7039 16505	[bos] 44 66 66 [eos]
25	[bos] 66 [eos]
6533 6348	[bos] 5468 5299 [eos]
35	[bos] 40 [eos]
34796	[bos] 25 [eos]
9265	[bos] 215 [eos]
5306 5701	[bos] 25 [eos]
193 33159 172 760 1812	[bos] 1257 1770 172 2353 25 [eos]
25	[bos] 66 [eos]
13148 11997 20002	[bos] 25 [eos]
35	[bos] 40 [eos]
2954	[bos] 2768 [eos]
5550 41 2901 5655 2302 4955 3675 321 2424 3146 5605 16828	[bos] 2901 8 3675 630 630 2901 8 13 8 382 35 8 [eos]
4346	[bos] 3842 [eos]
29467	[bos] 19335 25 [eos]
40	[bos] 92 [eos]
40	[bos] 92 [eos]
5560 6258	[bos] 6660 7218 [eos]
21836 5283	[bos] 92 [eos]
5565 5974	[bos] 5973 5134 [eos]
20947 17587 17393	[bos] 66 [eos]
676	[bos] 616 [eos]
35	[bos] 40 [eos]
3294 29458	[bos] 66 [eos]
3955	[bos] 3216 [eos]
35	[bos] 40 [eos]
11111 124	[bos] 92 [eos]
35	[bos] 40 [eos]
7870 12117	[bos] 630 630 [eos]
28362 5647	[bos] 25 [eos]
16657 4449 60 57	[bos] 25 [eos]
10762 13270	[bos] 1506 88 [eos]
10 49 12219 6 28275 272 2882	[bos] 6540 10 49 6 272 272 272 [eos]
173 2375	[bos] 173 2375 [eos]
63 8717	[bos] 63 92 [eos]
8647 33481	[bos] 3816 25 [eos]
25	[bos] 66 [eos]
452 6904 772 1561 813 420 9599 178	[bos] 365 1041 1149 78 78 2674 [eos]
4743 7516	[bos] 2604 2604 9076 [eos]
3988 10805	[bos] 2788 3483 8640 [eos]
35	[bos] 40 [eos]
18078	[bos] 5801 [eos]
35	[bos] 40 [eos]
10 51 453 13249	[bos] 7761 9 8059 7622 [eos]
3386	[bos] 6 140 3742 [eos]
6 26181 8218	[bos] 6 66 66 [eos]
15203	[bos] 66 [eos]
6436	[bos] 14797 [eos]
3186 4051 661 16480	[bos] 365 35 1771 661 [eos]
6122	[bos] 66 [eos]
25	[bos] 66 [eos]
4503 4431 4546	[bos] 4432 4642 13 [eos]
117 4497 3129 5243	[bos] 117 25 25 66 [eos]
410 17363 21817	[bos] 410 2382 2382 [eos]
5470 5302	[bos] 5700 5303 [eos]
759 26554 38 528	[bos] 38 1656 528 [eos]
15629	[bos] 66 [eos]
1013 10088 35491	[bos] 1013 25 35 [eos]
11467 13274	[bos] 5596 520 [eos]
27054 9255 204 452 27491 7600 3191	[bos] 455 1879 204 365 365 365 365 [eos]
25	[bos] 66 [eos]
7367 8062	[bos] 4686 4273 [eos]
590	[bos] 25 [eos]
25	[bos] 66 [eos]
5802 6245	[bos] 7364 7611 [eos]
27023	[bos] 2740 12135 [eos]
6741	[bos] 25 [eos]
20707 315	[bos] 25 [eos]
66	[bos] 35 [eos]
92	[bos] 25 [eos]
6 10079 39	[bos] 6 39 538 [eos]
1469 1758 4070 18159	[bos] 1175 2545 464 1175 [eos]
14652 3742	[bos] 14797 7 [eos]
120 14927	[bos] 120 120 [eos]
8511 7754	[bos] 8228 9062 [eos]
358	[bos] 281 [eos]
18597	[bos] 66 [eos]
7971 24 78 1424	[bos] 612 78 24 151 [eos]
29353	[bos] 66 [eos]
358	[bos] 281 [eos]
40	[bos] 92 [eos]
46 169 355 336 244 377 790 30444 210 237	[bos] 46 169 40 [eos]
66	[bos] 35 [eos]
2552 2 871	[bos] 2 2 191 [eos]
25	[bos] 66 [eos]
403 23345 0 127 13415	[bos] 43 704 262 2 25 [eos]
40	[bos] 92 [eos]
59	[bos] 17 [eos]
2146	[bos] 35 [eos]
31636	[bos] 11415 [eos]
8055 7759	[bos] 4750 5057 [eos]
6768 8433 60 57	[bos] 5568 4612 60 57 [eos]
3204	[bos] 3449 [eos]
25447 1067 794 2358 343 141 28812	[bos] 373 1737 206 49 343 66 287 [eos]
6270 27601	[bos] 456 25 [eos]
25259 825 361 18684	[bos] 25 [eos]
5559 5703	[bos] 238 228 1033 [eos]
25775	[bos] 66 [eos]
25	[bos] 66 [eos]
486 130 14586 4 5502	[bos] 130 8972 101 13 101 [eos]
66	[bos] 35 [eos]
833 18167 21	[bos] 25 [eos]
2234	[bos] 66 [eos]
23936 32781 1018 1976 141	[bos] 25 [eos]
157 27915	[bos] 157 66 [eos]
5916 34386 25617	[bos] 66 [eos]
1215 3292	[bos] 17 831 [eos]
40	[bos] 92 [eos]
40	[bos] 92 [eos]
1053	[bos] 40 [eos]
25	[bos] 66 [eos]
415 17992 18353 1370 10532 19813 7471 1246 11927 8833	[bos] 415 780 1149 415 1149 415 213 205 1071 1071 [eos]
25	[bos] 66 [eos]
8 9840	[bos] 5 [eos]
15 11281	[bos] 15 66 [eos]
1976 2560 29223	[bos] 5101 358 358 [eos]
717	[bos] 81 122 [eos]
1 39 105 24548 5 37 186 77 54 36 627	[bos] 1 39 105 105 5 37 186 77 54 36 155 [eos]
1019 23065	[bos] 1019 6942 [eos]
4650 28228 1697	[bos] 25 [eos]
12800 2382	[bos] 5972 [eos]
175 24139 3279 20126 23379 21838	[bos] 175 68 1589 175 175 175 [eos]
7 486	[bos] 15 551 [eos]
24559 4830	[bos] 5933 130 [eos]
27996	[bos] 25 [eos]
1053	[bos] 40 [eos]
3001 2096	[bos] 25 [eos]
6 272 3234 29859	[bos] 6 2637 62 1412 [eos]
35	[bos] 40 [eos]
6068 7530 7676 7727	[bos] 6928 6814 6648 [eos]
12796	[bos] 11710 [eos]
590	[bos] 25 [eos]
40	[bos] 92 [eos]
13284	[bos] 66 [eos]
40	[bos] 92 [eos]
116 21288 2695	[bos] 116 2930 2930 [eos]
17175	[bos] 66 [eos]
4653 17945	[bos] 846 4093 [eos]
826 17589 8157 10532 7471 1071 11927 28387 8833	[bos] 826 826 2467 8157 826 826 7471 6716 6716 [eos]
467 748	[bos] 5933 2024 2795 68 2467 5933 2795 68 2467 381 215 381 778 [eos]
3299	[bos] 7841 [eos]
5 2723 60 57	[bos] 5 5 60 57 [eos]
333 5457 10676 2730	[bos] 183 25 25 25 [eos]
722	[bos] 722 643 [eos]
9522 9371 405	[bos] 66 [eos]
22043	[bos] 66 [eos]
13598 2919	[bos] 4830 [eos]
5130 5694	[bos] 5802 6245 [eos]
21232 11324 1469 5441 4202 1758	[bos] 1175 346 2545 67 127 9687 [eos]
590	[bos] 25 [eos]
22102	[bos] 66 [eos]
217 216 297 7117 20582 9 85	[bos] 217 216 297 7117 7117 9 85 [eos]
6536 5811	[bos] 7761 8059 [eos]
92	[bos] 25 [eos]
5753 859 13363 27338	[bos] 25 [eos]
1053	[bos] 40 [eos]
129 0 19313	[bos] 129 0 127 [eos]
971 815	[bos] 2604 2604 9076 [eos]
8055 7759	[bos] 4750 5057 [eos]
28615	[bos] 66 [eos]
80 394 4045	[bos] 80 394 225 [eos]
25	[bos] 66 [eos]
22473 21596 21748	[bos] 16668 16858 16858 [eos]
4013	[bos] 3523 [eos]
23218	[bos] 66 [eos]
850 194 6215	[bos] 8 1415 25 [eos]
23118	[bos] 92 [eos]
8837 19 623 19615	[bos] 13 4 3816 7691 [eos]
21849 4093	[bos] 6267 4830 [eos]
31839 410	[bos] 410 92 [eos]
25	[bos] 66 [eos]
14603 381	[bos] 25 [eos]
2446	[bos] 2022 2022 2022 2022 2022 2022 2604 [eos]
2717 575 178	[bos] 575 17093 28 [eos]
176 6307 17721	[bos] 176 92 25 [eos]
35	[bos] 40 [eos]
274 21926 30653 716 25370	[bos] 274 25 66 [eos]
4857 4577	[bos] 4015 4117 [eos]
370	[bos] 370 26 361 [eos]
679 15887 1613 6 2937 4854 4097	[bos] 679 1613 5 54 6 2 62 [eos]
2602 1065 391 11379 14489 9767	[bos] 2602 1065 2602 391 2602 1065 [eos]
5343 12693	[bos] 25 [eos]
248 23041 2217 5006 877 15093 5 0 548 921	[bos] 248 877 877 877 877 5 5 0 [eos]
5914 3767 650 18514 33914 4562 3530 622 2488 662 4890	[bos] 2597 650 650 2597 25 35 155 35 25 66 66 [eos]
29395	[bos] 66 [eos]
19656 84 48 47	[bos] 84 48 155 2674 [eos]
15839 20862	[bos] 35 [eos]
590	[bos] 25 [eos]
1057 1201 926	[bos] 1057 234 [eos]
5671 2799 60 57	[bos] 35 [eos]
66	[bos] 35 [eos]
211 20707 315	[bos] 211 25 [eos]
35	[bos] 40 [eos]
9892 11185	[bos] 6886 6665 [eos]
35	[bos] 40 [eos]
14510 0	[bos] 0 13076 [eos]
25	[bos] 66 [eos]
15912	[bos] [eos]
21557	[bos] 477 [eos]
11030 14999	[bos] 25 [eos]
40	[bos] 92 [eos]
4433 4858	[bos] 5698 5301 [eos]
35	[bos] 40 [eos]
35	[bos] 40 [eos]
942 1962 149 1 9952 3 1585 865 17997 131 1944 3170	[bos] 35 [eos]
1843 19586 196	[bos] 1701 56 [eos]
7706 61 21641 86 2055	[bos] 28 502 520 14 53 86 5101 [eos]
3 93 712 28	[bos] 3 93 122 122 [eos]
775 13838 24108	[bos] 2637 5111 209 [eos]
9869 296 8 5426 363 151	[bos] 25 [eos]
25	[bos] 66 [eos]
23 162 897 362 837 124	[bos] 23 162 897 362 837 124 [eos]
4 1360	[bos] 13 [eos]
5515 17163 13027 24 2 56	[bos] 25 [eos]
2058	[bos] 40 [eos]
35	[bos] 40 [eos]
281	[bos] 66 [eos]
40	[bos] 92 [eos]
17 6242 6844 254 27218 2141	[bos] 17 25 25 25 [eos]
5803 5971	[bos] 1435 1990 5563 [eos]
12634	[bos] 13787 [eos]
123	[bos] 0 [eos]
15350 23290	[bos] 66 [eos]
92	[bos] 25 [eos]
749 11409 28494 2 2847 3330	[bos] 749 358 66 358 1649 123 [eos]
35	[bos] 40 [eos]
7638 24 4069 3929	[bos] 7235 14 297 4461 [eos]
2437 287 2486 113 2298 2363 5147	[bos] 38 778 [eos]
70 1040 236 6364	[bos] 19902 40 1461 41 [eos]
4 6602	[bos] 13 25 [eos]
5803 5971	[bos] 1435 1990 5563 [eos]
33857 3169	[bos] 66 [eos]
7387	[bos] 17093 [eos]
25	[bos] 66 [eos]
17527 22214	[bos] 3400 3400 [eos]
21506 23017 23166	[bos] 25 [eos]
5283	[bos] 9840 [eos]
7828	[bos] 11687 [eos]
25	[bos] 66 [eos]
25	[bos] 66 [eos]
31226 7 14972	[bos] 7 122 122 [eos]
1 5 37 36 35403	[bos] 1 5 37 36 186 [eos]
22990 19569 16084	[bos] 81 25 375 [eos]
22667 1353 5145	[bos] 66 [eos]
968	[bos] 4 [eos]
2445	[bos] 1033 [eos]
0 30573	[bos] 0 66 [eos]
7932 7833 8401 8888 8351 8949 15065 8533 1227 9171 13004 8913 3230 8660 8472 8973 5103 8558	[bos] 25 [eos]
19492 14008 14454 32059	[bos] 66 [eos]
2855 3555 4444	[bos] 2855 25 25 [eos]
3041	[bos] 5328 [eos]
2954	[bos] 2768 [eos]
7586	[bos] 1686 [eos]
31696 5670	[bos] 40 [eos]
25	[bos] 66 [eos]
41 486 1 15 1186 11626 1122 6515 113 64	[bos] 41 551 1 25 2375 66 66 66 66 9 [eos]
5211 5128	[bos] 7751 8049 [eos]
5468 5299	[bos] 7370 8057 [eos]
26799 116 3758	[bos] 7 3114 215 [eos]
281	[bos] 66 [eos]
191 699 2 840	[bos] 25 [eos]
1158 1428 27687 7 537	[bos] 616 [eos]
66	[bos] 35 [eos]
35	[bos] 40 [eos]
9274 10393	[bos] 5101 12576 5701 [eos]
8135 28579	[bos] 8135 2591 [eos]
11635	[bos] 66 [eos]
35	[bos] 40 [eos]
5568 2845 5978	[bos] 4433 2845 2845 [eos]
28189	[bos] 2903 [eos]
17841	[bos] 14097 [eos]
25	[bos] 66 [eos]
845	[bos] 25 [eos]
691 555 183 22764 1030 30 458 328 465 32 32026 557 228 1034 54 255 651 114	[bos] 691 555 183 1030 30 458 328 465 32 557 228 1034 328 465 32 557 228 114 [eos]
25	[bos] 66 [eos]
391 10 9314 1642 1915 5 7857	[bos] 391 10 1642 1213 1642 4445 2460 [eos]
40	[bos] 92 [eos]
296 26618 8 1746 6 8963 252	[bos] 45 296 296 296 49 6 1149 416 [eos]
17206 19981 18607	[bos] 4585 [eos]
1122 6480 19116 23566	[bos] 495 66 66 66 [eos]
17 2429	[bos] 17 25 [eos]
28 5263 2076 345 802 1461 433	[bos] 1506 28 9213 2076 802 1461 433 [eos]
9321 27	[bos] 27 704 13 1033 [eos]
7355	[bos] 66 [eos]
1238 2275 194 26243	[bos] 1238 2275 142 1238 [eos]
3204	[bos] 3449 [eos]
3772 1617	[bos] 613 1479 [eos]
3955 32728	[bos] 3216 3216 [eos]
2335 1485 722 704 38 657 435 11986 643	[bos] 2335 1485 722 704 38 643 416 2498 234 [eos]
1457 1395 1023 25236	[bos] 1457 35 35 1053 [eos]
159 18268 4569 4 3213 5102 2243	[bos] 159 18267 4569 4 3213 5102 2243 [eos]
3594 4230	[bos] 5060 4747 [eos]
17474 302 870 89	[bos] 25 [eos]
25	[bos] 66 [eos]
4945 1890 17060 1375 5095 2665	[bos] 35 [eos]
17670 30 32 189 156	[bos] 182 114 80 646 156 [eos]
6319 6772	[bos] 7714 7888 [eos]
2582 9760 159 18136 4159 3055 251 416 2210 1971 1338 1262 1254 2073 4 851 234	[bos] 2582 19 476 472 476 476 472 476 476 476 2498 234 234 234 234 234 234 [eos]
130 2763 16168 2575 14116	[bos] 130 3614 3614 3614 3614 [eos]
7824	[bos] 176 [eos]
6878 2577 2703 18 6078 2696	[bos] 6079 2577 2703 18 2696 2577 [eos]
217 9	[bos] 217 9 [eos]
66	[bos] 35 [eos]
40	[bos] 92 [eos]
66	[bos] 35 [eos]
205 22580 2874 2736	[bos] 205 25 464 [eos]
92	[bos] 25 [eos]
66	[bos] 35 [eos]
415 178	[bos] 415 28 [eos]
6244 5799	[bos] 7750 8509 [eos]
66	[bos] 35 [eos]
4118 3902	[bos] 4276 4531 [eos]
35	[bos] 40 [eos]
3603 4641 18065	[bos] 2112 25 4445 [eos]
5468 5299	[bos] 7370 8057 [eos]
467 6111 417 2795 12104 433 503	[bos] 218 207 218 68 205 417 417 [eos]
25	[bos] 66 [eos]
35	[bos] 40 [eos]
301 149 535 399 269 298 165 2598 220 22 1002 192	[bos] 25 [eos]
9840	[bos] 5801 [eos]
40	[bos] 92 [eos]
25091 9094 2407	[bos] 2335 28 1485 66 [eos]
676	[bos] 616 [eos]
10304 983 887	[bos] 983 983 887 [eos]
34123 42	[bos] 15 855 [eos]
1555 4 3017	[bos] 616 [eos]
162 837 30049	[bos] 162 837 837 [eos]
6535 6080	[bos] 5 [eos]
25	[bos] 66 [eos]
35	[bos] 40 [eos]
14510 0 145	[bos] 0 13076 8 [eos]
4231 4014	[bos] 3797 3974 [eos]
33182 31159	[bos] 92 [eos]
92	[bos] 25 [eos]
2491 31769	[bos] 5 1412 [eos]
66	[bos] 35 [eos]
66	[bos] 35 [eos]
3787 4029 8687 17951 3104	[bos] 798 155 465 25 155 [eos]
11 15538 182 646	[bos] 11 1041 25 646 [eos]
3955	[bos] 3216 [eos]
5292 5704	[bos] 5061 4748 [eos]
30886 183 294 100 146	[bos] 183 294 294 100 146 [eos]
60 57 1675 18723 11600 17665	[bos] 5801 [eos]
785 330 893 32872	[bos] 66 [eos]
8106 14878 3779 865 6734 7639 5126	[bos] 25 [eos]
0 197 25419 74	[bos] 0 197 74 70 [eos]
30443 27723	[bos] 1213 281 [eos]
15531	[bos] 66 [eos]
23706 4782 1850 3673 1388 204 1674 7 293 1060 6613 4770 3645 1717 1599	[bos] 66 [eos]
35	[bos] 40 [eos]
23466	[bos] 6267 [eos]
4899 15462 7707	[bos] 66 [eos]
35	[bos] 40 [eos]
5728	[bos] 25 [eos]
11043 8433 714 5552 1065 11971	[bos] 6805 6716 616 6716 [eos]
8007	[bos] 5420 [eos]
182 13784 21536 107	[bos] 182 281 281 [eos]
4119 3901	[bos] 5472 66 [eos]
9272 11186	[bos] 7612 6979 [eos]
21659 7815	[bos] 25 [eos]
109 3132 12690	[bos] 109 92 25 [eos]
14 34884	[bos] 14 66 [eos]
19072 17230	[bos] 4749 10677 [eos]
35	[bos] 40 [eos]
29374	[bos] 66 [eos]
14994	[bos] 66 [eos]
35	[bos] 40 [eos]
34955	[bos] 34954 [eos]
25	[bos] 66 [eos]
5383 251	[bos] 88 25 25 [eos]
30 32 189 20623 156	[bos] 30 32 189 31011 156 [eos]
358	[bos] 281 [eos]
2682 132 1930 0 4502	[bos] 127 262 8 262 [eos]
10655 11184 12480	[bos] 218 126 616 [eos]
5647 24721	[bos] 5003 5003 [eos]
5698 5301	[bos] 6535 6080 [eos]
10000 31433	[bos] 215 66 [eos]
23428 14942 38	[bos] 67 26604 1148 [eos]
12645 5764	[bos] 66 [eos]
16182	[bos] 16881 [eos]
27876 537 487 2867 3517	[bos] 25 [eos]
2954 23185 62 25027	[bos] 2768 [eos]
40	[bos] 92 [eos]
856 741 1125 1418 2899 3 93 52 6717 3686 1332	[bos] 1649 25 [eos]
609 16590 10 6 4669 3361 215 272	[bos] 609 9 373 609 6716 3361 272 272 [eos]
239 1 39 240 208 5 242 37 13758 36 190	[bos] 248 1 202 2496 202 5 23700 36 26634 26634 202 [eos]
2460 10324 124	[bos] 6846 2460 124 [eos]
40	[bos] 92 [eos]
974 27	[bos] 1329 27 [eos]
25	[bos] 66 [eos]
6870 5800	[bos] 4830 91 [eos]
9624	[bos] 8020 [eos]
2230 60 7653 11570 57	[bos] 2723 60 4768 2788 60 [eos]
22297	[bos] 3533 [eos]
22542 18535	[bos] 66 [eos]
4749 4861	[bos] 4687 4572 [eos]
28521	[bos] 5645 [eos]
19560	[bos] 35 [eos]
5	[bos] 5 5 0 [eos]
816 0 346 4690 4 1437 5218 568	[bos] 346 98 2 4 39 439 [eos]
5933 15275	[bos] 5003 5003 [eos]
5728 426	[bos] 66 [eos]
15330	[bos] 17090 [eos]
7217 6982	[bos] 5293 5473 [eos]
35	[bos] 40 [eos]
18186 5647	[bos] 66 [eos]
21679 10187	[bos] 365 826 365 [eos]
590	[bos] 25 [eos]
25	[bos] 66 [eos]
3253 15110 406	[bos] 406 [eos]
30071 11 238 886	[bos] 11 238 886 4861 [eos]
39 27754 173 6178 2368	[bos] 39 22 780 544 281 [eos]
30561	[bos] [eos]
6887 6983	[bos] 3842 [eos]
5134	[bos] 6349 7213 [eos]
3955 123	[bos] 3216 0 [eos]
24341 315	[bos] 648 600 23177 [eos]
7544 34940 12387	[bos] 5706 25 281 [eos]
40	[bos] 92 [eos]
92	[bos] 25 [eos]
18396 2768	[bos] 2715 2715 [eos]
25	[bos] 66 [eos]
25	[bos] 66 [eos]
1457 6135 9519	[bos] 4685 4575 [eos]
6883 6352	[bos] 5136 5471 [eos]
40	[bos] 92 [eos]
30629 238 4155 121 11 20101 3658 886	[bos] 238 25 155 238 238 25 155 5101 [eos]
24547	[bos] 9076 [eos]
7605 7362	[bos] 6244 5799 [eos]
8178 446 5287 123	[bos] 120 66 [eos]
281	[bos] 66 [eos]
33926	[bos] 66 [eos]
66	[bos] 35 [eos]
5475 5295	[bos] 8741 8741 [eos]
5933 14369	[bos] 274 [eos]
676	[bos] 616 [eos]
1879 4641 3603	[bos] 1879 2788 25 [eos]
13914 38 8764	[bos] 38 1656 123 [eos]
4270 4370	[bos] 3594 4230 [eos]
24300	[bos] 66 [eos]
689 5674 380 2277 18325 903 14269 1298	[bos] 365 5420 6716 2226 35 [eos]
6885 5297	[bos] 6657 [eos]
1457 6135 9519	[bos] 4685 4575 [eos]
4349	[bos] 4646 [eos]
16740	[bos] 464 [eos]
24010	[bos] 15481 [eos]
1799 23513 9563	[bos] 2919 2919 [eos]
35	[bos] 40 [eos]
25	[bos] 66 [eos]
15933 183 100	[bos] 92 [eos]
8782 14978	[bos] 92 [eos]
92	[bos] 25 [eos]
607 493 19360 176 17716 18833 22 119 8146 16 546 43 280	[bos] 287 3279 1485 127 [eos]
35	[bos] 40 [eos]
28 1644 492	[bos] 28 14097 2604 [eos]
664 22901 5328 4134 88 2052	[bos] 370 63 63 25 567 25 [eos]
590	[bos] 25 [eos]
10638	[bos] 8640 [eos]
7756 9070	[bos] 5980 5291 [eos]
23687 73 128 29142 33319	[bos] 25 [eos]
15369	[bos] 13080 [eos]
1435 1990 1848 4140 3023 2692 3069 2074	[bos] 1435 1990 1848 3023 2692 3069 2074 8808 [eos]
25	[bos] 66 [eos]
14349	[bos] 66 [eos]
28794 26	[bos] 5101 7 [eos]
5131 5214	[bos] 4270 4370 [eos]
16206 15504 16795	[bos] 8803 9197 8704 8921 8924 8461 9136 8554 8366 [eos]
66	[bos] 35 [eos]
26772 1012 1913	[bos] 25 [eos]
28469	[bos] 25 [eos]
664 3551 5328 370 2653 61 3542	[bos] 370 375 28 28 28 141 25 [eos]
2719 664 4134 88 13519 2052	[bos] 664 2103 664 88 22 22 [eos]
31022 12452	[bos] 35 [eos]
92	[bos] 25 [eos]
6877 6081	[bos] 6251 5812 [eos]
9832 6933 2 9699 7445	[bos] 66 [eos]
847 4 24784	[bos] 353 27 66 [eos]
22776	[bos] 66 [eos]
2062 10707	[bos] 2062 25 [eos]
33 5649 1691	[bos] 33 2992 477 [eos]
4814 31216 4	[bos] 35 [eos]
19232 757 8438 145	[bos] 49 177 25 155 [eos]
30013 1598	[bos] 66 [eos]
7212 6977	[bos] 25 [eos]
15220	[bos] 66 [eos]
24558	[bos] 35 [eos]
6 2637 62 1092	[bos] 6 62 9 2772 [eos]
178	[bos] 1785 [eos]
218 141 4315	[bos] 218 68 141 215 141 [eos]
6 19791	[bos] 6 8 [eos]
664 3041 2052 4134 88 19696	[bos] 664 61 664 22 25 6668 [eos]
3842	[bos] 3934 [eos]
300 27688 8446 78 1213 659 27511 7 53 2865 1664 5499	[bos] 2903 722 78 151 [eos]
25	[bos] 66 [eos]
66	[bos] 35 [eos]
2445	[bos] 1033 [eos]
13493 20638 119 1416	[bos] 66 [eos]
84 12431 48 47 16806	[bos] 84 48 1701 47 1701 [eos]
40	[bos] 92 [eos]
12602 13640 14191 14381	[bos] 6068 7530 7676 7727 [eos]
11854 7065	[bos] 25 [eos]
5559 5703	[bos] 238 228 1033 [eos]
40	[bos] 92 [eos]
473 4528 2359 931 2317 5108 2017	[bos] 25 [eos]
29402 6494	[bos] 6881 6668 [eos]
3198 23464 13145 286 20566	[bos] 66 [eos]
803 539 532 1240 25821	[bos] 2225 3188 2225 3188 3188 [eos]
40	[bos] 92 [eos]
20723 12 7708 9	[bos] 12 5 2 5972 [eos]
424 796 981	[bos] 942 154 424 [eos]
18894 1484 14660	[bos] 4563 4254 4254 [eos]
35	[bos] 40 [eos]
11278 5416	[bos] 35 [eos]
590	[bos] 25 [eos]
35	[bos] 40 [eos]
17981	[bos] 66 [eos]
976 3225 12389	[bos] 25 [eos]
23517 2198 3587 4492 455 7074 9715 575 4428 14114 416 1738 5924 20879 152 3606 52 9762 1560	[bos] 365 380 375 262 78 262 575 575 25 1149 416 575 575 253 575 575 253 575 25 [eos]
9073 8232	[bos] 9278 9672 [eos]
305 304 3077 655 9807 6328 89 9525 17012	[bos] 304 304 66 [eos]
25	[bos] 66 [eos]
11900 6089 20740 11459 9231	[bos] 11900 6089 11459 11459 11459 11459 11459 11459 11459 11459 11459 11459 11459 11459 11459 11459 11459 11459 11459 11459
21687	[bos] 1879 [eos]
5472 5132	[bos] 6256 6076 [eos]
9589 8607	[bos] 66 [eos]
66	[bos] 35 [eos]
11476 12213	[bos] 25 [eos]
4371 4271	[bos] 5559 5703 [eos]
84 16771 459 638 48 47	[bos] 84 6976 84 48 4687 544 [eos]
3435 1495 2811 1839 1258 3192 4756	[bos] 613 25 [eos]
33 15986 163	[bos] 33 251 163 [eos]
15167	[bos] 9839 [eos]
73 8 128 14900 151	[bos] 2 8 128 151 70 [eos]
66	[bos] 35 [eos]
83 80 294 156 24928	[bos] 83 80 294 156 31011 [eos]
25	[bos] 66 [eos]
218 162 897 207 496 22668 3871 124 1176 1141	[bos] 218 162 897 207 124 1053 155 25 1053 155 [eos]
2602 14733 27539 9582 9045 9825	[bos] 2602 2602 35 35 35 35 [eos]
66	[bos] 35 [eos]
23610 4794	[bos] 25 [eos]
181 26 174 213 5492 20909 318	[bos] 181 26 174 6076 249 33 318 [eos]
5515 160 17163 13027 129 52 187 24 2 56	[bos] 235 127 25 129 78 262 52 129 5101 56 [eos]
14815 13720	[bos] 92 [eos]
40	[bos] 92 [eos]
14934	[bos] 155 [eos]
7761 8059	[bos] 11476 12213 [eos]
590	[bos] 25 [eos]
184 5330 9086 1439 18868	[bos] 184 5330 9086 6928 6928 [eos]
40	[bos] 92 [eos]
2378 257 5 868 11	[bos] 134 5 5 9564 8058 [eos]
29279	[bos] 616 [eos]
1 39 28650 105 5 37 186 77 54 36	[bos] 1 39 105 105 5 37 186 77 54 36 [eos]
350 3205	[bos] 350 722 [eos]
4650 2197 31781	[bos] 31693 2197 2197 [eos]
6667 6880	[bos] 6881 6668 [eos]
10187 20584	[bos] 25 [eos]
388 1480 6377 24704 447 653 583 1583 523 11633 4597 359 7024 89 3424	[bos] 653 109 538 2788 [eos]
15319	[bos] 35 [eos]
13319	[bos] 92 [eos]
1202	[bos] 15249 25 25 [eos]
20220 11401 9207 17164 15460	[bos] 66 [eos]
142 3527	[bos] 19 1891 [eos]
116 2641	[bos] 2481 116 [eos]
6978 7613	[bos] 6654 274 [eos]
6344 6871	[bos] 6976 7609 [eos]
23793 394 80	[bos] 80 394 31011 [eos]
4508 4341 3685 248 3078 4157 4209 2926	[bos] 248 914 914 3957 2993 1916 1766 3547 [eos]
11376 372 56	[bos] 35 [eos]
16460	[bos] 358 [eos]
1207 4841	[bos] 1879 25 [eos]
2230 169 60 57 81	[bos] 169 60 169 60 57 [eos]
6654 7211	[bos] 5557 9065 [eos]
25	[bos] 66 [eos]
358	[bos] 281 [eos]
9838	[bos] 23177 [eos]
21387	[bos] 6267 [eos]
8092 233 5740 133	[bos] 25 [eos]
4209 2926 1535	[bos] 3533 [eos]
20786 18783 550	[bos] 92 [eos]
943 4610 8009	[bos] 943 23932 25 [eos]
142 5433	[bos] 19 5645 [eos]
7730 4801 13009 8 23236 7150 34253	[bos] 66 [eos]
415 31171 7158 34066 545 16978	[bos] 415 2983 5758 25 [eos]
1736	[bos] 9076 [eos]
116 3241 14214	[bos] 3483 116 116 [eos]
9482 8773 21	[bos] 58 1162 1162 [eos]
3435 1495 2811 1839 1258 3192 4756	[bos] 613 25 [eos]
4270 4370	[bos] 3594 4230 [eos]
362 7571 837 5989 124 28689	[bos] 1838 1838 837 124 8006 124 [eos]
8278 2187 2585 11317	[bos] 1879 25 25 [eos]
18576 23114	[bos] 4612 25 [eos]
350 28296 15507 1623	[bos] 350 25 2604 2604 [eos]
2154 60 33401 57	[bos] 15249 60 2980 14231 [eos]
25	[bos] 66 [eos]
4349	[bos] 4646 [eos]
8 4273 1580 53 1752 2081	[bos] 8 1580 53 5568 1752 2081 [eos]
35	[bos] 40 [eos]
21737 48 249 20886 47	[bos] 25 [eos]
6014 13286 0	[bos] 25 [eos]
7395	[bos] 66 [eos]
25	[bos] 66 [eos]
26365	[bos] 66 [eos]
1851 33221	[bos] 66 [eos]
11800 3035 89	[bos] 780 780 157 [eos]
9359 10794 381	[bos] 798 3475 3475 [eos]
25	[bos] 66 [eos]
3533	[bos] 4550 [eos]
738 14307 1535 3390 25128	[bos] 8 92 1649 1649 1649 [eos]
40	[bos] 92 [eos]
6527 5801	[bos] 6974 7607 [eos]
14494	[bos] 3797 3974 [eos]
41 363 151	[bos] 41 363 13 [eos]
1039 10942 5944	[bos] 66 [eos]
40	[bos] 92 [eos]
74 3084 7 2940 16	[bos] 74 16 66 16 66 [eos]
16773	[bos] 66 [eos]
31875 31173	[bos] 25 [eos]
5130 5694	[bos] 5802 6245 [eos]
66	[bos] 35 [eos]
92	[bos] 25 [eos]
25642 3523	[bos] 2954 5111 [eos]
9483 142	[bos] 35 [eos]
8 19988	[bos] 8 358 [eos]
21662	[bos] 35 [eos]
25	[bos] 66 [eos]
35	[bos] 40 [eos]
864 19 4227	[bos] 19 476 476 [eos]
11103	[bos] 25 [eos]
6886 6665	[bos] 7623 2845 5294 [eos]
6846 124	[bos] 1838 124 [eos]
33885	[bos] 35 [eos]
11293 21490 4083 7820 31679 21604	[bos] 25 [eos]
11229 11820 12761	[bos] [eos]
7027	[bos] 35 [eos]
25	[bos] 66 [eos]
1238 31661 2275 641	[bos] 1238 2275 142 25 [eos]
63 6108	[bos] 63 25 [eos]
281	[bos] 66 [eos]
2083 9 24227	[bos] 2083 9 66 [eos]
2445	[bos] 1033 [eos]
19	[bos] 4 [eos]
6529 6346	[bos] 4750 5057 [eos]
25	[bos] 66 [eos]
66	[bos] 35 [eos]
676	[bos] 616 [eos]
379 9	[bos] 379 9 [eos]
18606 19979 29002	[bos] 35 [eos]
7113 17037 8645 27451 3618 3356 1837	[bos] 25 [eos]
7 7393 1758 1469	[bos] 7 1175 7 1175 [eos]
5808 5982	[bos] 6887 6983 [eos]
3972 3798	[bos] 5566 5975 [eos]
3121	[bos] 66 [eos]
353 68 1 1691 1067 533 360 516	[bos] 180 68 1 215 63 353 253 215 353 253 [eos]
432	[bos] 26 [eos]
12916 8861 907 2109 10 5 6157 6789 18 7023	[bos] 470 131 8 25 1504 5 921 5 262 [eos]
2740	[bos] 2740 12135 [eos]
1053	[bos] 40 [eos]
8274 650 6730 5838 6101	[bos] 35 [eos]
40	[bos] 92 [eos]
1937	[bos] 15249 14231 [eos]
25082	[bos] 25 [eos]
4119 3901	[bos] 5472 66 [eos]
4231 4014	[bos] 3797 3974 [eos]
42 1968 35523 7 6906 550 2178 16262	[bos] 42 7 66 16 155 [eos]
25	[bos] 66 [eos]
22879 21	[bos] 58 1162 [eos]
7219 6662	[bos] 5808 5982 [eos]
358	[bos] 281 [eos]
5472 5132	[bos] 6256 6076 [eos]
116 3970 14214	[bos] 116 2247 [eos]
187 7 9 12	[bos] 23 7 63 10 [eos]
4211	[bos] 66 [eos]
1858 2033	[bos] 25 [eos]
1675 60 7198 57	[bos] 999 60 2788 60 [eos]
21186 11641	[bos] 3880 2980 [eos]
9342 9744 9463 5447 9529 9027	[bos] 25 [eos]
11500 4813	[bos] 855 25 [eos]
7570 124	[bos] 7571 124 [eos]
1706 1058 28 30 394 19966 586 110	[bos] 765 1071 66 [eos]
7027	[bos] 35 [eos]
25	[bos] 66 [eos]
763 181 1182 739 1016 762 225 397 811 28363 18861 318	[bos] 181 181 1182 739 174 225 181 66 281 281 318 5492 [eos]
84 48 34777 33 47	[bos] 84 48 33 33 47 [eos]
5806 5981	[bos] 9071 8674 [eos]
9467	[bos] 25 [eos]
287 25245	[bos] 287 25 281 [eos]
159 4 1254	[bos] 159 4 656 [eos]
10421 0 8	[bos] 4593 8 175 [eos]
2052 9350	[bos] 6668 [eos]
13649	[bos] 35433 [eos]
1 68 4102 794 52 1651 8806 1041 215	[bos] 68 1 262 365 52 2277 272 1149 253 [eos]
1 783 787 24366 39 105 789 5 37 186 77 36	[bos] 1 92 39 186 23785 23785 77 54 36 285 6716 285 [eos]
10204 15703 23317	[bos] 35 [eos]
27854	[bos] 4585 [eos]
40	[bos] 92 [eos]
25	[bos] 66 [eos]
12541	[bos] 9839 [eos]
66	[bos] 35 [eos]
25	[bos] 66 [eos]
6660 7218	[bos] 1412 656 [eos]
21 2694 2369	[bos] 88 35 35 [eos]
1053	[bos] 40 [eos]
4574 5063	[bos] 6888 5807 [eos]
9434	[bos] 281 [eos]
133	[bos] 133 [eos]
3068	[bos] 3744 [eos]
35	[bos] 40 [eos]
127 0 11940 161	[bos] 127 8 0 262 [eos]
40	[bos] 92 [eos]
66	[bos] 35 [eos]
40	[bos] 92 [eos]
13549	[bos] 3114 [eos]
92	[bos] 25 [eos]
6720 3375 661	[bos] 11900 1504 661 [eos]
66	[bos] 35 [eos]
6660 7218	[bos] 1412 656 [eos]
66	[bos] 35 [eos]
141 1 3190 7574	[bos] 141 141 66 [eos]
676	[bos] 616 [eos]
7618 6988	[bos] 5305 5697 [eos]
34215	[bos] 3816 [eos]
25331	[bos] 66 [eos]
847 8253 24784 12813	[bos] 353 847 353 847 5701 [eos]
34122	[bos] 66 [eos]
6259 6074	[bos] 5474 5294 [eos]
4371 4271	[bos] 5559 5703 [eos]
4175 33 15176	[bos] 169 33 26 [eos]
23306	[bos] 25 [eos]
5062 4274	[bos] 4119 3901 [eos]
3386	[bos] 6 140 3742 [eos]
12012 42	[bos] 42 42 [eos]
35	[bos] 40 [eos]
6976 7609	[bos] 1412 656 [eos]
66	[bos] 35 [eos]
6881 6668	[bos] 8679 9670 [eos]
35	[bos] 40 [eos]
40	[bos] 92 [eos]
13615	[bos] 1649 [eos]
6886 6665	[bos] 7623 2845 5294 [eos]
35134	[bos] 25 [eos]
25	[bos] 66 [eos]
35	[bos] 40 [eos]
21783 12190 56	[bos] 25 [eos]
92	[bos] 25 [eos]
7849	[bos] 25 [eos]
4503 4431 4546	[bos] 4432 4642 13 [eos]
1238 2275 21229 261	[bos] 1238 2275 142 2471 [eos]
7225	[bos] 66 [eos]
40	[bos] 92 [eos]
564 1459	[bos] 1213 659 [eos]
0 848 3907	[bos] 127 127 15 [eos]
6259 6074	[bos] 5474 5294 [eos]
25	[bos] 66 [eos]
13573 13 34846	[bos] 66 [eos]
35	[bos] 40 [eos]
1013 3291 943 8830	[bos] 1013 2911 207 943 [eos]
16148 5937 2358 1502	[bos] 365 66 [eos]
4857 4577	[bos] 4015 4117 [eos]
14308 2	[bos] 13787 [eos]
24975 18322 6384 21	[bos] 40 [eos]
15330	[bos] 17090 [eos]
40	[bos] 92 [eos]
7761 8059	[bos] 11476 12213 [eos]
1214 803 29272 31912 532	[bos] 1214 803 803 532 803 [eos]
1004	[bos] 25 [eos]
4544 23485	[bos] 66 [eos]
1053	[bos] 40 [eos]
20143 24390	[bos] 92 [eos]
9060 8673	[bos] 10398 9277 [eos]
8239 30943 22766	[bos] 25 [eos]
5770 3712 6305	[bos] 25 [eos]
35	[bos] 40 [eos]
34476 4059 4	[bos] 25 [eos]
66	[bos] 35 [eos]
25	[bos] 66 [eos]
19519 5003	[bos] 4335 4335 [eos]
25	[bos] 66 [eos]
92	[bos] 25 [eos]
4058 7710 17500 3040	[bos] 66 [eos]
959 2052 8646 4134 88 2027	[bos] 88 6668 61 141 215 575 [eos]
624	[bos] 9 [eos]
35	[bos] 40 [eos]
21816 18548	[bos] 66 [eos]
26933 1975 2300	[bos] 281 [eos]
66	[bos] 35 [eos]
8110 698 26383	[bos] 88 2247 281 [eos]
70 531 161 4	[bos] 70 161 13 13 [eos]
3112	[bos] 3425 [eos]
187 3472	[bos] 464 25 [eos]
481 1133 9106 196 614 1266 731 420 375 26095 1571	[bos] 6527 5801 196 2469 420 375 1149 8271 6668 6668 6648 [eos]
66	[bos] 35 [eos]
7474 7327	[bos] 19 4230 [eos]
2712 3118	[bos] 2602 2602 4631 [eos]
25	[bos] 66 [eos]
35	[bos] 40 [eos]
35	[bos] 40 [eos]
19 476	[bos] 159 4 [eos]
406	[bos] 17 [eos]
35	[bos] 40 [eos]
67 19104 30439	[bos] 91 1162 [eos]
968 270	[bos] 406 [eos]
29756 3449	[bos] 3539 3539 [eos]
35	[bos] 40 [eos]
8641	[bos] 9838 [eos]
9342 9744 9463 9529 9027	[bos] 25 [eos]
