<?xml version="1.0" encoding="ISO-8859-1"?>
<project name="objectify-led">
  <bannerLeft>
    <name>objectify-led</name>
    <href>http://www.objectify.be/objectify-led</href>
  </bannerLeft>
  <bannerRight>
    <name>Objectify</name>
    <href>http://www.objectify.be</href>
  </bannerRight>
  <body>
    <links>
      <item name="Objectify" href="http://www.objectify.be/"/>
    </links>

    <menu name="objectify-led">
      <item name="Introduction" href="index.html"/>
      <item name="Download" href="download.html"/>
    </menu>

    <menu ref="reports"/>

  </body>
</project>
