0.5,1.0,88
0.5,1.0,15
0.0,0.0,1
0.6666667,1.0,1
0.6666667,1.0,2
0.0,0.0,1
0.875,0.875,1
0.0,0.0,1
0.0,0.0,1
0.5,1.0,110
0.5,1.0,88
0.0,0.0,1
0.75,0.75,1
0.0,0.0,1
0.0,0.0,1
0.0,0.0,1
0.0,0.0,1
0.25,0.33333334,1
0.6,0.6,1
0.33333334,0.5,1
0.0,0.0,1
0.6,0.33333334,1
0.5,1.0,50
0.5,1.0,110
0.0,0.0,1
0.0,0.0,1
0.0,0.0,1
0.5,1.0,73
0.33333334,0.25,1
0.0,0.0,1
0.5,1.0,88
0.5,0.5,1
0.0,0.0,1
0.33333334,0.33333334,1
0.4,0.5,1
0.0,0.0,2
0.33333334,0.5,1
0.0,0.0,1
0.25,0.16666667,1
0.5,0.5,1
0.6666667,1.0,1
0.0,0.0,1
0.0,0.0,1
0.25,0.5,1
0.5,1.0,1
0.0,0.0,1
0.25,0.11111111,1
0.0,0.0,1
0.75,0.75,1
0.6666667,1.0,1
0.0,0.0,1
0.0,0.0,1
0.5,0.6666667,1
0.0,0.0,1
0.0,0.0,1
0.0,0.0,1
0.0,0.0,1
0.5,1.0,110
0.0,0.0,1
0.2,0.14285715,1
0.8888889,0.8888889,1
0.5,0.22222222,1
0.6666667,1.0,1
0.5,1.0,50
0.5,0.13333334,1
0.5,1.0,88
0.0,0.0,2
0.0,0.0,1
0.5,1.0,1
0.5,0.6666667,1
0.0,0.0,1
0.5,1.0,1
0.0,0.0,1
0.5,1.0,54
0.75,1.0,1
0.0,0.0,2
0.0,0.0,1
0.6666667,1.0,2
0.0,0.0,1
0.8,0.8,1
0.6666667,1.0,3
0.0,0.0,1
0.5,0.6,1
0.5,1.0,17
0.5,1.0,73
0.5,1.0,88
0.0,0.0,1
0.0,0.0,1
0.6666667,1.0,1
0.5,1.0,2
0.33333334,0.33333334,1
0.33333334,0.5,1
0.5,1.0,110
0.33333334,0.33333334,1
0.33333334,0.5,1
0.0,0.0,1
0.6666667,1.0,4
0.5,1.0,1
0.0,0.0,1
0.0,0.0,1
0.5,1.0,88
0.11111111,0.1,1
0.0,0.0,1
0.0,0.0,1
0.0,0.0,1
0.0,0.0,1
0.5,1.0,110
0.25,0.33333334,1
0.5,1.0,110
0.5,1.0,73
0.0,0.0,1
0.5,1.0,88
0.5,1.0,88
0.0,0.0,1
0.0,0.0,1
0.4,0.4,1
0.75,1.0,1
0.0,0.0,5
0.25,0.33333334,1
0.0,0.0,1
0.0,0.0,1
0.6666667,1.0,2
0.71428573,0.8333333,1
0.0,0.0,1
0.0,0.0,1
0.5,1.0,7
0.5,1.0,73
0.0,0.0,3
0.5,1.0,1
0.0,0.0,1
0.0,0.0,2
0.0,0.0,1
0.0,0.0,2
0.5,1.0,110
0.0,0.0,1
0.33333334,0.5,1
0.0,0.0,1
0.5,1.0,110
0.0,0.0,1
0.0,0.0,1
0.6666667,1.0,1
0.0,0.0,1
0.0,0.0,1
0.0,0.0,5
0.5,1.0,15
0.6666667,1.0,1
0.5,1.0,110
0.0,0.0,1
0.0,0.0,1
0.0,0.0,1
0.0,0.0,1
0.6666667,1.0,1
0.0,0.0,1
0.6666667,1.0,1
0.5,1.0,88
0.0,0.0,1
0.0,0.0,1
0.6666667,1.0,4
0.0,0.0,1
0.0,0.0,1
0.5,1.0,88
0.0,0.0,1
0.5,1.0,110
0.5,1.0,1
0.0,0.0,1
0.25,0.33333334,2
0.0,0.0,1
0.5,1.0,110
0.0,0.0,1
0.0,0.0,2
0.6666667,1.0,1
0.6666667,1.0,1
0.0,0.0,1
0.5,1.0,1
0.2,0.33333334,1
0.6666667,1.0,2
0.0,0.0,1
0.75,0.6,1
0.0,0.0,1
0.5,0.33333334,1
0.5,1.0,73
0.5,1.0,54
0.0,0.0,1
0.0,0.0,2
0.0,0.0,1
0.5,0.6666667,1
0.5,1.0,110
0.5,0.6666667,1
0.5,1.0,54
0.0,0.0,1
0.5,1.0,73
0.5,1.0,50
0.5,1.0,54
0.5,1.0,73
0.5,1.0,88
0.0,0.0,1
0.0,0.0,1
0.0,0.0,5
0.0,0.0,1
0.5,1.0,73
0.0,0.0,1
0.0,0.0,1
0.0,0.0,1
0.0,0.0,1
0.5,1.0,2
0.0,0.0,1
0.0,0.0,2
0.0,0.0,1
0.0,0.0,1
0.5,1.0,50
0.5,1.0,1
0.25,0.25,1
0.0,0.0,1
0.0,0.0,1
0.16666667,0.25,1
0.42857143,0.5,1
0.0,0.0,1
0.0,0.0,1
0.6666667,0.6666667,1
0.5,1.0,54
0.6666667,1.0,2
0.0,0.0,1
0.0,0.0,1
0.6666667,1.0,2
0.5,0.6666667,2
0.6666667,0.8,1
0.0,0.0,1
0.6666667,1.0,4
0.5,1.0,88
0.0,0.0,1
0.0,0.0,1
0.0,0.0,1
0.33333334,0.16666667,1
0.0,0.0,1
0.2,0.14285715,1
0.5,1.0,88
0.75,1.0,1
0.0,0.0,1
0.0,0.0,1
0.0,0.0,2
0.0,0.0,1
0.33333334,0.33333334,1
0.4,0.33333334,1
0.5,1.0,88
0.6666667,1.0,2
0.0,0.0,1
0.0,0.0,1
0.33333334,0.25,1
0.5,1.0,73
0.6666667,1.0,2
0.0,0.0,1
0.6,0.42857143,1
0.5,1.0,10
0.0,0.0,1
0.25,0.33333334,1
0.0,0.0,6
0.5,1.0,73
0.33333334,0.5,1
0.25,0.25,1
0.8,0.6666667,1
0.5,1.0,54
0.33333334,0.5,1
0.0,0.0,1
0.6666667,1.0,1
0.0,0.0,1
0.6,0.6,1
0.0,0.0,1
0.5,1.0,88
0.0,0.0,1
0.33333334,0.5,1
0.6,0.75,1
0.6666667,0.6666667,1
0.5,1.0,110
0.6666667,1.0,1
0.5,1.0,88
0.0,0.0,1
0.0,0.0,2
0.0,0.0,1
0.0,0.0,1
0.0,0.0,1
0.0,0.0,1
0.0,0.0,1
0.0,0.0,1
0.6666667,1.0,2
0.4,0.4,1
0.5,1.0,54
0.0,0.0,1
0.0,0.0,1
0.6666667,1.0,4
0.0,0.0,2
0.0,0.0,2
0.6666667,0.5,1
0.33333334,0.5,1
0.0,0.0,2
0.0,0.0,1
0.5,1.0,54
0.0,0.0,1
0.33333334,0.5,1
0.5,1.0,73
0.0,0.0,1
0.5,0.5,1
0.0,0.0,3
0.6666667,1.0,2
0.5,1.0,2
0.0,0.0,1
0.85714287,0.6666667,2
0.6666667,1.0,2
0.6666667,0.8,1
0.33333334,0.5,1
0.6666667,1.0,1
0.0,0.0,2
0.5,1.0,54
0.0,0.0,1
0.0,0.0,1
0.5,1.0,110
0.5,1.0,2
0.25,0.14285715,1
0.6,0.6,1
0.5714286,0.8,1
0.0,0.0,1
0.33333334,0.33333334,1
0.9375,0.9375,1
0.5,1.0,1
0.5,1.0,110
0.6666667,1.0,1
0.5,1.0,54
0.33333334,0.5,1
0.0,0.0,2
0.0,0.0,1
0.0,0.0,8
0.0,0.0,1
0.0,0.0,1
0.5,1.0,110
0.5,1.0,110
0.0,0.0,8
0.0,0.0,1
0.0,0.0,1
0.5,1.0,88
0.6666667,1.0,4
0.0,0.0,1
0.0,0.0,1
0.0,0.0,1
0.2,0.25,1
0.0,0.0,1
0.5,1.0,54
0.5,1.0,50
0.25,0.33333334,1
0.6666667,1.0,4
0.33333334,0.5,1
0.0,0.0,1
0.33333334,0.5,1
0.0,0.0,2
0.0,0.0,1
0.0,0.0,1
0.5,1.0,73
0.33333334,0.5,2
0.33333334,0.5,1
0.0,0.0,1
0.5,1.0,73
0.0,0.0,1
0.5,1.0,110
0.0,0.0,1
0.5,0.5,2
0.5,1.0,50
0.0,0.0,1
0.0,0.0,2
0.8888889,1.0,1
0.5,0.6666667,1
0.0,0.0,1
0.6666667,1.0,1
0.6666667,1.0,1
0.0,0.0,2
0.6666667,1.0,2
0.0,0.0,2
0.6666667,1.0,1
0.6666667,1.0,3
0.0,0.0,1
0.5,1.0,17
0.4,0.5,1
0.6666667,0.8,1
0.33333334,0.5,1
0.0,0.0,1
0.25,0.2,1
0.0,0.0,1
0.6666667,1.0,4
0.5,1.0,54
0.0,0.0,1
0.0,0.0,1
0.5,0.6,1
0.6666667,1.0,1
0.0,0.0,1
0.5,1.0,73
0.33333334,0.045454547,1
0.6666667,1.0,1
0.6666667,0.5,1
0.33333334,0.2857143,1
0.0,0.0,1
0.0,0.0,1
0.5,1.0,10
0.0,0.0,1
0.5,1.0,50
0.6666667,1.0,2
0.5,1.0,73
0.0,0.0,1
0.5,1.0,88
0.5,1.0,1
0.5,1.0,73
0.0,0.0,1
0.5,1.0,110
0.5,1.0,88
0.33333334,0.25,1
0.5,1.0,50
0.2,0.25,2
0.5,1.0,1
0.0,0.0,1
0.0,0.0,1
0.0,0.0,1
0.0,0.0,1
0.0,0.0,1
0.6666667,1.0,1
0.6666667,1.0,4
0.0,0.0,1
0.0,0.0,1
0.0,0.0,1
0.5,1.0,110
0.0,0.0,1
0.25,0.33333334,1
0.8,1.0,1
0.6666667,1.0,2
0.0,0.0,1
0.5,1.0,110
0.0,0.0,1
0.0,0.0,2
0.72727275,0.72727275,1
0.6666667,1.0,3
0.0,0.0,1
0.5,0.5,1
0.5,1.0,110
0.33333334,0.06666667,1
0.0,0.0,1
0.6666667,1.0,2
0.0,0.0,1
0.0,0.0,1
0.5,1.0,110
0.5,0.5,1
0.0,0.0,1
0.25,0.11111111,1
0.0,0.0,1
0.33333334,1.0,3
0.75,0.6,1
1.0,0.33333334,1
0.5,1.0,88
0.0,0.0,1
0.0,0.0,1
0.0,0.0,1
0.6,0.75,1
0.0,0.0,8
0.0,0.0,1
0.0,0.0,1
0.5,1.0,50
0.0,0.0,1
0.33333334,0.5,1
0.6666667,1.0,1
0.6666667,1.0,3
0.5,1.0,2
0.0,0.0,1
0.5,1.0,110
0.0,0.0,1
0.16666667,0.2,1
0.0,0.0,1
0.0,0.0,1
0.6666667,1.0,4
0.0,0.0,1
0.5,1.0,1
0.5,1.0,73
0.0,0.0,1
0.33333334,0.5,1
0.0,0.0,1
0.0,0.0,1
0.6666667,1.0,4
0.5,1.0,2
0.0,0.0,1
0.5,1.0,110
0.0,0.0,6
0.5,1.0,15
0.6666667,1.0,4
0.8666667,0.7222222,1
0.5,1.0,110
0.0,0.0,1
0.0,0.0,1
0.0,0.0,1
0.5,1.0,88
0.0,0.0,1
0.6666667,1.0,4
0.5,1.0,1
0.6666667,1.0,2
0.6666667,1.0,1
0.0,0.0,1
0.5,1.0,7
0.5,1.0,2
0.5,1.0,50
0.0,0.0,1
0.6666667,1.0,3
0.5,1.0,1
0.0,0.0,2
0.33333334,0.5,1
0.6666667,1.0,2
0.0,0.0,1
0.0,0.0,1
0.4,0.33333334,1
0.0,0.0,1
1.0,0.4,1
0.0,0.0,1
0.0,0.0,1
0.5,0.6666667,1
0.0,0.0,1
0.6666667,1.0,3
0.5,1.0,54
0.5,1.0,110
0.5,1.0,50
0.0,0.0,1
0.5,1.0,110
0.0,0.0,1
0.5,1.0,5
0.0,0.0,1
0.0,0.0,1
0.0,0.0,1
0.5,1.0,73
0.5,0.25,1
0.0,0.0,3
0.6666667,0.6666667,1
0.5,1.0,73
0.5,1.0,54
0.0,0.0,1
0.5,1.0,73
0.5,1.0,50
0.5,1.0,110
0.0,0.0,1
0.0,0.0,1
0.33333334,0.5,1
0.25,0.33333334,1
0.6666667,1.0,1
0.8,0.8,1
0.0,0.0,1
0.0,0.0,1
0.0,0.0,1
0.0,0.0,1
0.5,1.0,73
0.6666667,1.0,3
0.25,0.5,1
0.5,1.0,88
0.0,0.0,2
0.0,0.0,1
0.25,0.1,1
0.5,1.0,50
0.0,0.0,1
0.0,0.0,1
0.0,0.0,1
0.5,1.0,1
0.0,0.0,1
0.5,1.0,110
0.75,1.0,1
0.0,0.0,1
0.25,0.25,1
0.5,1.0,10
0.0,0.0,1
0.5,1.0,2
0.0,0.0,1
0.0,0.0,1
0.25,0.25,1
0.0,0.0,1
0.0,0.0,1
0.0,0.0,1
0.6666667,1.0,2
0.5,1.0,110
0.5,1.0,110
0.5,1.0,110
0.33333334,0.09090909,1
0.33333334,0.4,1
0.5,1.0,50
0.625,0.625,1
0.75,0.5,1
0.42857143,0.42857143,1
0.0,0.0,1
0.0,0.0,1
0.0,0.0,1
0.0,0.0,1
0.5,1.0,2
0.6666667,1.0,1
0.0,0.0,1
0.6666667,1.0,1
0.0,0.0,2
0.6666667,1.0,1
0.0,0.0,1
0.25,0.33333334,1
0.0,0.0,1
0.5,0.375,1
0.0,0.0,1
0.5,1.0,73
0.71428573,0.71428573,1
0.5,1.0,1
0.6666667,1.0,1
0.5,1.0,54
0.5,0.5,1
0.5,1.0,54
0.0,0.0,1
0.6666667,0.25,1
0.6666667,1.0,2
0.0,0.0,1
0.0,0.0,1
0.0,0.0,2
0.8,0.6666667,1
0.0,0.0,1
0.0,0.0,2
0.6666667,1.0,2
0.33333334,0.5,1
0.0,0.0,1
0.5,1.0,88
0.0,0.0,1
0.0,0.0,1
0.0,0.0,2
0.0,0.0,1
0.6666667,1.0,3
0.5,1.0,5
0.0,0.0,1
0.75,0.75,1
0.0,0.0,1
0.6666667,1.0,4
0.0,0.0,1
0.6666667,1.0,2
0.5,1.0,1
0.33333334,0.2,1
0.4,0.33333334,1
0.5,1.0,110
0.6,0.75,1
0.0,0.0,1
0.6666667,0.8,1
0.5,1.0,50
0.6666667,0.16666667,1
0.5714286,0.5714286,1
0.5,1.0,50
0.0,0.0,2
0.5,1.0,88
0.5,1.0,1
0.2,0.1,1
0.5,1.0,110
0.0,0.0,1
0.6,0.6,1
0.0,0.0,1
0.0,0.0,1
0.5,0.6666667,1
0.33333334,0.5,1
0.0,0.0,1
0.5,1.0,7
0.5,1.0,2
0.0,0.0,1
0.0,0.0,1
0.0,0.0,1
0.6666667,1.0,3
0.5,1.0,1
0.6666667,1.0,1
0.0,0.0,1
0.5,0.6666667,1
0.0,0.0,1
0.0,0.0,1
0.0,0.0,1
0.5,1.0,110
0.5,1.0,17
0.6666667,0.5,1
0.5,0.6666667,1
0.0,0.0,1
0.0,0.0,1
0.33333334,0.5,1
0.0,0.0,1
0.5,1.0,73
0.5,1.0,73
0.0,0.0,1
0.0,0.0,1
0.0,0.0,1
0.0,0.0,1
0.5,1.0,54
0.5,1.0,17
0.6666667,1.0,1
0.33333334,0.5,1
0.0,0.0,1
0.5,1.0,1
0.0,0.0,1
0.5,1.0,50
0.0,0.0,2
0.5,0.6666667,1
0.0,0.0,1
0.0,0.0,1
0.85714287,0.85714287,1
0.5,1.0,54
0.5,1.0,88
0.5,1.0,2
0.33333334,0.5,1
0.0,0.0,1
0.5,1.0,10
0.0,0.0,1
0.5,1.0,54
0.0,0.0,1
0.2,0.25,1
0.0,0.0,1
0.5,0.6666667,1
0.0,0.0,1
0.5,1.0,17
0.0,0.0,1
0.5,1.0,54
0.33333334,0.33333334,1
0.25,0.2,1
0.0,0.0,1
0.5,1.0,88
0.5,1.0,110
0.0,0.0,1
0.5,0.5,1
0.33333334,0.5,2
0.6666667,1.0,2
0.5,1.0,88
0.9375,0.9375,1
0.5,1.0,110
0.5,1.0,2
0.0,0.0,1
0.5,1.0,50
0.0,0.0,3
0.0,0.0,1
0.0,0.0,1
0.0,0.0,1
0.5,0.33333334,1
0.0,0.0,1
0.0,0.0,1
0.5,1.0,15
0.5,1.0,110
0.75,0.75,1
0.5,1.0,73
0.0,0.0,1
0.0,0.0,5
0.6666667,1.0,1
0.5,1.0,15
0.5,1.0,73
0.5,1.0,54
0.0,0.0,1
0.0,0.0,3
0.33333334,0.33333334,1
0.5,1.0,15
0.5,1.0,73
0.0,0.0,1
0.5,1.0,1
0.0,0.0,1
0.33333334,0.14285715,1
0.5,0.4,1
0.2857143,0.33333334,1
0.6666667,1.0,1
0.5,1.0,2
0.5,1.0,54
0.5,1.0,2
0.27272728,0.25,1
0.8,0.6666667,1
0.5,1.0,17
0.0,0.0,1
0.0,0.0,1
0.0,0.0,1
0.0,0.0,1
0.0,0.0,1
0.0,0.0,1
0.5,1.0,73
0.0,0.0,1
0.0,0.0,2
0.0,0.0,2
0.0,0.0,1
0.33333334,0.5,1
0.0,0.0,1
0.5,0.33333334,1
0.6666667,1.0,1
0.0,0.0,1
0.0,0.0,1
0.5,1.0,110
0.33333334,0.16666667,2
0.0,0.0,1
0.0,0.0,1
0.0,0.0,1
0.0,0.0,1
0.33333334,0.05882353,1
0.0,0.0,1
0.6666667,0.33333334,1
0.5,1.0,50
0.0,0.0,1
0.0,0.0,2
0.5,1.0,54
0.0,0.0,1
0.5,1.0,2
0.0,0.0,1
0.5,1.0,17
0.0,0.0,1
0.5,1.0,17
0.0,0.0,1
0.6666667,1.0,1
0.0,0.0,1
0.0,0.0,1
0.6666667,1.0,2
0.5,1.0,73
0.0,0.0,1
0.0,0.0,1
0.0,0.0,1
0.0,0.0,1
0.5,1.0,110
0.5,1.0,110
0.5,1.0,73
0.5,1.0,2
0.5,1.0,88
0.5,1.0,88
0.0,0.0,2
0.5,1.0,54
0.33333334,0.5,2
0.5,0.5,1
0.5,1.0,88
0.0,0.0,1
0.0,0.0,8
0.2,0.16666667,1
0.0,0.0,1
0.33333334,0.1,1
0.5,1.0,1
0.5,1.0,50
0.625,0.71428573,1
0.25,0.33333334,1
0.0,0.0,2
0.33333334,0.2857143,1
0.5,1.0,1
0.5,1.0,50
0.33333334,0.5,1
0.6666667,1.0,2
0.0,0.0,1
0.5,1.0,110
0.0,0.0,1
0.5,1.0,3
0.0,0.0,1
0.5,1.0,110
0.0,0.0,1
0.0,0.0,1
0.0,0.0,1
0.6666667,1.0,2
0.75,0.75,1
0.6666667,1.0,2
0.5,1.0,73
0.5,1.0,2
0.5,1.0,110
0.0,0.0,1
0.6666667,1.0,3
0.5,1.0,88
0.5,1.0,73
0.33333334,0.25,1
0.5,1.0,3
0.5,0.5,1
0.5,1.0,110
0.5,1.0,110
0.5,1.0,110
0.5,1.0,50
0.5,1.0,1
0.5,1.0,73
0.6666667,0.6666667,1
0.5,1.0,88
0.6666667,1.0,2
0.5,1.0,1
0.5,1.0,54
0.0,0.0,1
0.0,0.0,1
0.0,0.0,1
0.5,1.0,73
0.6666667,1.0,2
0.5,1.0,110
0.5,1.0,73
0.5,1.0,88
0.6666667,1.0,2
0.5,1.0,1
0.5,0.6666667,1
0.33333334,0.5,1
0.5,1.0,2
0.6666667,1.0,1
0.0,0.0,1
0.6666667,1.0,4
0.5,1.0,1
0.6666667,0.6666667,1
0.6666667,1.0,4
0.0,0.0,1
0.5,1.0,88
0.5,1.0,17
0.0,0.0,1
0.0,0.0,1
0.6666667,1.0,1
0.875,0.5833333,1
0.0,0.0,1
0.5,1.0,110
0.6666667,1.0,2
0.16666667,0.125,1
0.33333334,0.5,1
0.25,0.09090909,1
0.0,0.0,1
0.5,1.0,73
0.5,1.0,54
0.0,0.0,2
0.0,0.0,1
0.0,0.0,1
0.0,0.0,1
0.25,0.33333334,1
0.2,0.25,1
0.0,0.0,1
0.5,1.0,1
0.0,0.0,1
0.0,0.0,1
0.0,0.0,1
0.5,1.0,50
0.0,0.0,1
0.0,0.0,1
0.0,0.0,1
0.0,0.0,1
0.5,1.0,88
0.5,1.0,17
0.0,0.0,1
0.0,0.0,1
0.0,0.0,1
0.25,0.33333334,1
0.33333334,0.5,1
0.0,0.0,1
0.0,0.0,1
0.0,0.0,1
0.25,0.33333334,1
0.0,0.0,1
0.0,0.0,1
0.0,0.0,1
0.6666667,1.0,1
0.0,0.0,1
0.0,0.0,1
0.6666667,1.0,2
0.6666667,1.0,4
0.0,0.0,1
0.75,1.0,1
0.5,0.33333334,1
0.5,1.0,88
0.33333334,1.0,1
0.5,1.0,73
0.33333334,0.5,2
0.0,0.0,2
0.5,1.0,110
0.6666667,1.0,3
0.5,1.0,17
0.25,0.25,1
0.33333334,0.33333334,1
0.0,0.0,1
0.5,1.0,88
0.5,1.0,54
0.5,0.6666667,1
0.5,1.0,2
0.0,0.0,1
0.5,1.0,110
0.0,0.0,1
0.0,0.0,1
0.5,1.0,88
0.5,1.0,1
0.0,0.0,1
0.0,0.0,1
0.0,0.0,1
0.5,1.0,10
0.5,1.0,73
0.5,1.0,110
0.6666667,1.0,4
0.33333334,0.2,1
0.2,0.15384616,1
0.6666667,1.0,2
0.5,1.0,50
0.5,1.0,3
0.33333334,0.33333334,1
0.0,0.0,1
0.0,0.0,1
0.5,1.0,17
0.0,0.0,1
0.5,1.0,110
0.6666667,0.2857143,1
0.0,0.0,1
0.0,0.0,1
0.0,0.0,1
0.5,1.0,110
0.0,0.0,1
0.0,0.0,1
0.5,1.0,73
0.0,0.0,1
0.0,0.0,1
0.5,1.0,110
0.2,0.1,1
0.5,1.0,73
0.0,0.0,1
0.6666667,1.0,4
0.0,0.0,1
0.5,0.5,1
0.0,0.0,1
0.5,1.0,2
0.0,0.0,1
0.0,0.0,1
0.0,0.0,1
0.5,1.0,110
0.5,1.0,73
0.5,1.0,73
0.0,0.0,6
0.0,0.0,1
0.33333334,0.5,2
0.5,1.0,2
0.5,1.0,2
0.4,0.22222222,1
0.0,0.0,1
0.33333334,0.055555556,1
0.0,0.0,1
0.5,1.0,1
0.6666667,1.0,1
0.0,0.0,1
0.33333334,0.33333334,1
0.0,0.0,1
0.6666667,1.0,3
0.6666667,1.0,1
0.0,0.0,1
0.0,0.0,1
0.5,1.0,73
0.5,1.0,88
0.5,1.0,73
0.6666667,1.0,2
0.0,0.0,1
0.33333334,0.16666667,1
0.5,1.0,88
0.5,1.0,2
0.0,0.0,1
0.5,1.0,2
0.6666667,1.0,2
0.5,1.0,110
0.5,1.0,54
0.0,0.0,1
0.5,1.0,73
0.33333334,0.5,2
0.5,1.0,110
0.5,1.0,54
0.16666667,0.14285715,1
0.5,1.0,110
0.0,0.0,1
0.0,0.0,2
0.5,1.0,73
0.6666667,0.8,1
0.875,0.875,1
0.8,0.5714286,1
0.25,0.33333334,1
0.6666667,1.0,2
0.5,1.0,88
0.5,1.0,54
0.33333334,0.33333334,1
0.0,0.0,1
0.75,0.75,1
0.5,1.0,110
0.5,0.25,1
0.5,1.0,2
0.0,0.0,1
0.0,0.0,1
0.5,1.0,88
0.6666667,1.0,3
0.5,1.0,2
0.5,0.5,1
0.0,0.0,1
0.5,1.0,110
0.33333334,0.33333334,1
0.5,1.0,110
0.5,1.0,54
0.0,0.0,1
0.0,0.0,1
0.5,1.0,110
0.25,0.15384616,1
0.0,0.0,1
0.5,1.0,17
0.5,0.5,1
0.33333334,0.33333334,1
0.0,0.0,2
0.0,0.0,1
0.5,1.0,110
0.5,1.0,50
0.5,1.0,110
0.0,0.0,1
0.0,0.0,2
0.0,0.0,1
0.0,0.0,1
0.0,0.0,2
0.5,1.0,88
0.5,1.0,15
0.0,0.0,1
0.0,0.0,1
0.5,1.0,73
0.0,0.0,1
0.8888889,0.8888889,1
0.5,1.0,15
0.0,0.0,1
0.0,0.0,1
0.0,0.0,1
0.0,0.0,1
0.0,0.0,1
0.5,1.0,73
0.0,0.0,1
0.0,0.0,1
0.2857143,0.33333334,1
0.0,0.0,1
0.2857143,0.22222222,1
0.5,1.0,88
0.5,0.5,1
0.5,1.0,50
0.6666667,1.0,3
0.5,1.0,10
0.0,0.0,1
0.11111111,0.125,1
0.33333334,0.2,1
0.6666667,1.0,2
0.0,0.0,1
0.6666667,0.4,1
0.0,0.0,1
0.5,1.0,110
0.33333334,0.5,1
0.0,0.0,1
0.0,0.0,1
0.0,0.0,2
0.0,0.0,1
0.33333334,0.2,1
0.5,1.0,88
0.2,0.2,1
0.5,1.0,54
0.6666667,1.0,2
0.33333334,0.16666667,1
0.0,0.0,1
0.0,0.0,1
0.5,1.0,10
0.5,1.0,110
0.0,0.0,1
0.33333334,0.5,1
0.5,1.0,110
0.0,0.0,1
0.75,0.75,1
0.33333334,0.5,2
0.0,0.0,1
0.0,0.0,1
0.0,0.0,1
0.5,1.0,88
0.0,0.0,1
0.5,1.0,73
0.0,0.0,1
0.0,0.0,1
0.6666667,0.5714286,1
0.6666667,0.8,1
0.6666667,1.0,2
0.0,0.0,1
0.0,0.0,1
0.0,0.0,1
0.0,0.0,1
0.0,0.0,1
0.33333334,0.2,1
0.0,0.0,2
0.0,0.0,1
0.5,1.0,73
0.5,0.2,1
0.6666667,1.0,1
0.5,0.5,1
0.33333334,0.5,1
0.0,0.0,1
0.6666667,1.0,1
0.5,0.33333334,1
0.6666667,1.0,2
0.0,0.0,1
0.0,0.0,1
0.0,0.0,2
0.33333334,0.33333334,1
0.0,0.0,1
0.0,0.0,1
0.6666667,1.0,2
0.0,0.0,1
0.6666667,0.6666667,1
0.0,0.0,1
0.6666667,1.0,1
0.5,0.5,1
0.5,1.0,50
0.0,0.0,1
0.0,0.0,1
0.6666667,1.0,1
0.5,1.0,110
0.6666667,1.0,1
0.5,1.0,88
0.6666667,1.0,2
0.5,1.0,88
0.5,1.0,110
0.33333334,0.5,1
0.5,1.0,110
0.0,0.0,1
0.5,1.0,54
0.5,1.0,15
0.33333334,0.27272728,1
0.0,0.0,1
0.5,1.0,110
0.5,1.0,110
0.5,1.0,110
0.0,0.0,1
0.5,1.0,110
0.0,0.0,1
0.6666667,1.0,4
0.0,0.0,1
0.0,0.0,8
0.0,0.0,1
0.0,0.0,1
0.5,1.0,54
0.5,1.0,88
0.0,0.0,1
0.33333334,0.5,2
0.0,0.0,1
0.6,0.6,1
0.6,0.75,1
0.5,1.0,73
0.54545456,0.75,1
0.0,0.0,6
0.5,1.0,110
0.33333334,0.5,1
0.5,1.0,88
0.5,1.0,73
0.0,0.0,1
0.0,0.0,1
0.5,1.0,110
0.5,1.0,88
0.0,0.0,1
0.0,0.0,1
0.5,1.0,73
0.0,0.0,1
0.5,1.0,1
0.71428573,0.71428573,1
0.0,0.0,1
0.0,0.0,1
0.0,0.0,1
0.5,1.0,110
0.5,1.0,17
0.6666667,1.0,2
0.0,0.0,1
0.0,0.0,1
0.0,0.0,1
0.5,1.0,54
0.0,0.0,1
0.6666667,1.0,1
0.0,0.0,1
0.5,1.0,50
0.33333334,0.5,2
0.5,1.0,88
0.5,1.0,50
0.0,0.0,1
0.6666667,1.0,1
0.5555556,0.45454547,1
0.5,1.0,73
0.0,0.0,1
0.0,0.0,1
0.5,1.0,2
0.5,1.0,110
0.0,0.0,2
0.0,0.0,2
0.33333334,0.25,1
0.4,0.4,1
0.0,0.0,1
0.0,0.0,2
0.5,1.0,88
0.42857143,0.23076923,1
0.5,1.0,73
0.0,0.0,1
0.5,0.6666667,1
0.0,0.0,1
0.33333334,0.33333334,1
0.8,0.8888889,1
0.0,0.0,1
0.0,0.0,1
0.0,0.0,1
0.5,0.5,2
0.5,1.0,54
0.6666667,1.0,1
0.5,1.0,1
0.5,1.0,110
0.25,0.1,1
0.5,1.0,73
0.0,0.0,5
0.5,0.4,1
0.6666667,0.5,1
0.0,0.0,1
0.71428573,0.71428573,1
0.0,0.0,1
0.5,1.0,10
0.6666667,1.0,1
0.5,1.0,10
0.0,0.0,1
0.5,1.0,17
0.0,0.0,1
0.0,0.0,6
0.0,0.0,3
0.0,0.0,1
0.5,1.0,54
0.6666667,1.0,2
0.8,1.0,1
0.33333334,0.5,1
0.0,0.0,1
0.6666667,1.0,2
0.0,0.0,1
0.5,1.0,88
0.0,0.0,1
0.5,0.5,2
0.0,0.0,1
0.5,1.0,110
0.0,0.0,1
0.8888889,1.0,1
0.0,0.0,1
0.0,0.0,1
0.5,1.0,1
0.5,1.0,88
0.33333334,0.5,2
0.5,1.0,2
0.5,0.6,1
0.5,1.0,54
0.25,0.25,1
0.5,1.0,73
0.0,0.0,1
0.5,1.0,73
0.0,0.0,1
0.16666667,0.11764706,1
0.0,0.0,1
0.6666667,1.0,4
0.5,0.5,1
0.5,1.0,50
0.5,1.0,73
0.33333334,0.33333334,1
0.5,1.0,50
0.4,0.5,1
0.0,0.0,1
0.0,0.0,6
0.5,1.0,54
0.33333334,0.2,1
0.5,1.0,73
0.0,0.0,1
0.25,0.125,1
0.33333334,0.5,1
0.5,1.0,15
0.0,0.0,1
0.5,0.33333334,1
0.5,1.0,110
0.33333334,0.5,1
0.0,0.0,1
0.5,0.33333334,1
0.5,1.0,54
0.25,0.33333334,1
0.0,0.0,1
0.5,1.0,54
0.0,0.0,2
0.5,1.0,88
0.5,1.0,73
0.25,0.083333336,1
0.0,0.0,1
0.0,0.0,1
0.0,0.0,1
0.6666667,1.0,4
0.6666667,1.0,1
0.0,0.0,1
0.5,1.0,2
0.0,0.0,1
0.33333334,0.5,1
0.5,1.0,110
0.25,0.33333334,1
0.0,0.0,1
0.4,0.5,1
0.0,0.0,1
0.0,0.0,1
0.6666667,1.0,2
0.0,0.0,1
0.0,0.0,1
0.33333334,0.33333334,1
0.5,1.0,54
0.0,0.0,1
0.5,1.0,54
0.5,1.0,110
0.0,0.0,1
0.0,0.0,1
0.5,1.0,110
0.5,1.0,110
0.0,0.0,1
0.5,1.0,54
0.33333334,0.5,2
0.6666667,1.0,2
0.4,0.22222222,1
0.0,0.0,1
0.0,0.0,1
0.5,1.0,15
0.0,0.0,8
0.33333334,0.5,1
0.5,1.0,1
0.6666667,1.0,4
0.5,1.0,88
0.6,0.75,1
0.0,0.0,2
0.0,0.0,1
0.6666667,1.0,3
0.5,1.0,88
0.33333334,0.5,2
0.5,1.0,7
0.0,0.0,1
0.5,1.0,88
0.5,1.0,7
0.5,0.33333334,1
0.25,0.33333334,1
0.0,0.0,1
0.0,0.0,1
0.0,0.0,2
0.5,0.6666667,1
0.0,0.0,1
0.5,1.0,110
0.5,1.0,54
0.5,1.0,73
0.5,1.0,1
0.85714287,0.85714287,1
0.5,1.0,88
0.42857143,0.5,1
0.0,0.0,2
0.5,1.0,54
0.0,0.0,1
0.0,0.0,1
0.0,0.0,1
0.6666667,1.0,1
0.5,1.0,5
0.5,0.5,1
0.0,0.0,1
0.75,0.75,1
0.5,1.0,110
0.0,0.0,1
0.33333334,0.25,1
0.6666667,1.0,3
0.6666667,1.0,1
0.5,1.0,88
0.0,0.0,1
0.0,0.0,2
0.0,0.0,1
0.0,0.0,1
0.5,1.0,5
0.5,1.0,50
0.33333334,0.2,1
0.0,0.0,1
0.0,0.0,1
0.5,1.0,1
0.0,0.0,1
0.6666667,1.0,3
0.5,1.0,50
0.5,1.0,88
0.0,0.0,1
0.25,0.33333334,1
0.5,1.0,88
0.5,1.0,54
0.0,0.0,1
0.5,1.0,110
0.6666667,1.0,3
0.5,1.0,1
0.0,0.0,2
0.0,0.0,1
0.0,0.0,1
0.0,0.0,1
0.0,0.0,3
0.5,1.0,88
0.5,1.0,88
0.0,0.0,2
0.0,0.0,1
0.0,0.0,1
0.0,0.0,1
0.0,0.0,1
0.0,0.0,1
0.0,0.0,1
0.0,0.0,1
0.5,1.0,73
0.2,0.25,1
0.0,0.0,1
0.0,0.0,1
0.4,0.5,1
0.5,1.0,88
0.0,0.0,1
0.0,0.0,1
0.5,1.0,110
0.6666667,1.0,1
0.0,0.0,1
0.0,0.0,1
0.0,0.0,1
0.5,1.0,50
0.0,0.0,2
0.5,1.0,88
0.4,0.16666667,1
0.0,0.0,1
0.5,1.0,50
0.5,1.0,110
0.6666667,1.0,1
0.0,0.0,1
0.0,0.0,1
0.33333334,0.4,1
0.0,0.0,1
0.0,0.0,1
0.0,0.0,1
0.0,0.0,1
0.0,0.0,1
0.5,1.0,88
0.6666667,1.0,4
0.0,0.0,1
0.25,0.33333334,1
0.5,1.0,50
0.0,0.0,1
0.0,0.0,1
0.5,1.0,88
0.0,0.0,1
0.5,1.0,88
0.0,0.0,1
0.0,0.0,1
0.0,0.0,1
0.33333334,0.5,1
0.5,1.0,7
0.4,0.5,1
0.5,1.0,110
0.0,0.0,1
0.5,0.5,1
0.4,0.33333334,1
0.0,0.0,1
0.0,0.0,1
0.375,0.375,1
0.5,0.33333334,1
0.5,1.0,88
0.0,0.0,1
0.6,0.75,1
0.6666667,0.25,1
0.0,0.0,2
0.0,0.0,1
0.0,0.0,1
0.5,1.0,50
0.0,0.0,1
0.0,0.0,1
0.33333334,0.5,1
0.5,1.0,1
0.0,0.0,1
0.6666667,1.0,3
0.33333334,0.5,2
0.33333334,0.2,1
0.8,0.6666667,1
0.8,0.8,1
0.33333334,0.5,1
0.0,0.0,1
0.0,0.0,1
0.6666667,1.0,2
0.5,1.0,1
0.0,0.0,1
0.5,1.0,10
0.5,1.0,110
0.5,1.0,73
0.5,1.0,73
0.0,0.0,2
0.5,1.0,1
0.0,0.0,1
0.0,0.0,1
0.33333334,0.33333334,1
0.0,0.0,2
0.0,0.0,1
0.0,0.0,1
0.5,1.0,110
0.6666667,1.0,3
0.5,1.0,2
0.6666667,1.0,2
0.0,0.0,1
0.5,1.0,88
0.5,0.33333334,1
0.25,0.33333334,1
0.0,0.0,1
0.25,0.2,1
0.0,0.0,2
0.0,0.0,1
0.2857143,0.22222222,1
0.0,0.0,1
0.0,0.0,1
0.0,0.0,1
0.2,0.2,1
0.5,1.0,88
0.5,0.6,1
0.0,0.0,1
0.25,0.25,1
0.6666667,1.0,2
0.0,0.0,1
0.5,1.0,50
0.0,0.0,1
0.5,1.0,73
0.0,0.0,1
0.6666667,1.0,1
0.33333334,1.0,3
0.75,1.0,1
0.0,0.0,2
0.33333334,0.083333336,1
0.0,0.0,1
0.5,1.0,73
0.5,1.0,1
0.0,0.0,2
0.0,0.0,1
0.0,0.0,1
0.6666667,1.0,2
0.5,1.0,73
0.5,1.0,88
0.0,0.0,1
0.6666667,0.6666667,1
0.5,1.0,54
0.0,0.0,1
0.33333334,0.16666667,1
0.5,1.0,1
0.5,1.0,110
0.5,0.5,1
0.0,0.0,1
0.33333334,0.5,1
0.6666667,0.6666667,1
0.5,1.0,1
0.33333334,0.33333334,1
0.6666667,1.0,1
0.0,0.0,1
0.5,1.0,110
0.0,0.0,1
0.5,1.0,50
0.25,0.33333334,1
0.5,1.0,110
0.6666667,0.8,1
0.0,0.0,2
0.0,0.0,1
0.5,1.0,54
0.6666667,1.0,1
0.5,0.6666667,2
0.6666667,1.0,2
0.5,1.0,15
0.6666667,1.0,2
0.0,0.0,1
0.33333334,0.16666667,1
0.6,0.75,1
0.5,1.0,88
0.5,1.0,2
0.0,0.0,8
0.0,0.0,1
0.0,0.0,1
0.8333333,0.71428573,1
0.0,0.0,1
0.0,0.0,1
0.0,0.0,1
0.33333334,0.5,1
0.4,0.33333334,1
0.5,1.0,73
0.5,1.0,88
0.6666667,1.0,1
0.0,0.0,1
0.6666667,1.0,4
0.5,1.0,110
0.5,1.0,88
0.33333334,0.5,1
0.5,1.0,88
0.0,0.0,1
0.5,1.0,54
0.5,1.0,110
0.0,0.0,1
0.5,1.0,88
0.5,1.0,88
0.0,0.0,1
0.0,0.0,1
0.6666667,1.0,1
0.0,0.0,1
0.5,1.0,2
0.5,1.0,50
0.5,1.0,110
0.0,0.0,1
0.0,0.0,1
0.5,1.0,17
0.0,0.0,2
0.0,0.0,1
0.0,0.0,1
0.0,0.0,1
0.5,0.5,1
0.0,0.0,1
0.0,0.0,1
0.5,1.0,110
0.5,1.0,88
0.5,1.0,1
0.4,0.2857143,1
0.5,1.0,73
0.5,1.0,50
0.0,0.0,1
0.5,0.6666667,1
0.0,0.0,1
0.5,1.0,15
0.4,0.22222222,1
0.0,0.0,1
0.0,0.0,1
0.0,0.0,2
0.6666667,1.0,2
0.5,1.0,88
0.5,1.0,54
0.5,1.0,50
0.0,0.0,1
0.33333334,0.33333334,1
0.0,0.0,1
0.5,1.0,110
0.0,0.0,1
0.5,0.5,2
0.0,0.0,1
0.0,0.0,1
0.5,1.0,88
0.0,0.0,3
0.0,0.0,1
0.0,0.0,1
0.5,1.0,15
0.16666667,0.14285715,1
0.0,0.0,1
0.375,0.42857143,1
0.6666667,1.0,1
0.6666667,0.5,1
0.0,0.0,1
0.0,0.0,1
0.2,0.25,2
0.33333334,0.33333334,1
0.0,0.0,1
0.0,0.0,1
0.0,0.0,1
0.71428573,0.8333333,1
0.5,1.0,50
0.0,0.0,1
0.5,1.0,88
0.5,1.0,110
0.5,1.0,1
0.25,0.5,1
0.33333334,0.25,1
0.5,1.0,50
0.0,0.0,1
0.0,0.0,1
0.0,0.0,2
0.0,0.0,1
0.0,0.0,1
0.875,0.875,1
0.0,0.0,1
0.0,0.0,1
0.0,0.0,1
0.5,0.5,1
0.0,0.0,1
0.0,0.0,1
0.4,0.4,1
0.0,0.0,1
0.5,1.0,110
0.44444445,0.36363637,1
0.5,1.0,1
0.85714287,0.85714287,1
0.6,0.75,1
0.5,1.0,7
0.5,1.0,50
0.5,1.0,1
0.0,0.0,1
0.0,0.0,1
0.0,0.0,1
0.0,0.0,1
0.4,0.5,1
0.0,0.0,1
0.6,0.75,1
0.0,0.0,2
0.0,0.0,1
0.33333334,0.5,2
0.0,0.0,1
0.5,1.0,17
0.0,0.0,1
0.5,1.0,1
0.25,0.33333334,1
0.5,0.5,2
0.0,0.0,1
0.0,0.0,3
0.5,1.0,88
0.85714287,0.6666667,2
0.5,1.0,1
0.75,1.0,1
0.33333334,0.33333334,1
0.0,0.0,1
0.33333334,0.16666667,2
0.6666667,1.0,2
0.0,0.0,1
0.5,1.0,54
0.75,0.75,1
0.0,0.0,1
0.5,0.6666667,1
0.6666667,1.0,1
0.0,0.0,1
0.6666667,1.0,1
0.0,0.0,1
0.0,0.0,1
0.6666667,0.8,1
0.75,1.0,1
0.5,1.0,110
0.5,1.0,54
0.0,0.0,1
0.0,0.0,1
0.5,1.0,88
0.0,0.0,1
0.0,0.0,1
0.0,0.0,1
0.0,0.0,1
0.25,0.11111111,1
0.0,0.0,1
0.0,0.0,2
0.25,0.25,1
0.16666667,0.25,1
0.0,0.0,1
0.5,1.0,5
0.5,1.0,88
0.5,1.0,15
0.0,0.0,1
0.0,0.0,1
0.5,1.0,110
0.0,0.0,1
0.0,0.0,1
0.0,0.0,1
0.0,0.0,1
0.0,0.0,1
0.0,0.0,1
0.0,0.0,1
0.0,0.0,1
0.0,0.0,1
0.5,1.0,73
0.6666667,0.6666667,1
0.0,0.0,1
0.25,0.33333334,1
0.0,0.0,1
0.33333334,0.5,1
0.25,0.083333336,1
0.2857143,0.22222222,1
0.5,1.0,54
0.5,1.0,110
0.5,1.0,88
0.0,0.0,1
0.0,0.0,8
0.5,1.0,110
0.25,0.33333334,2
0.4,0.5,1
0.5,0.6666667,1
0.0,0.0,1
0.0,0.0,1
0.33333334,0.5,1
0.5,1.0,73
0.0,0.0,1
0.5,0.375,1
0.75,1.0,1
0.0,0.0,2
0.0,0.0,1
0.0,0.0,1
0.5,1.0,1
0.5,1.0,73
0.5,1.0,50
0.0,0.0,1
0.0,0.0,1
0.33333334,1.0,3
0.0,0.0,1
0.0,0.0,2
0.6666667,1.0,3
0.33333334,0.33333334,1
0.25,0.25,1
0.0,0.0,2
0.0,0.0,1
0.0,0.0,1
0.0,0.0,1
0.5,0.5,2
0.0,0.0,1
0.5,1.0,110
0.0,0.0,2
0.5,1.0,50
0.5,1.0,1
0.5,1.0,50
0.0,0.0,1
0.5,1.0,50
0.0,0.0,2
0.0,0.0,1
0.6666667,1.0,1
0.0,0.0,1
0.0,0.0,1
0.6666667,1.0,1
0.0,0.0,1
0.5,1.0,50
0.5,1.0,1
0.0,0.0,1
0.5,0.5,1
